timestamp_unix,timestamp_iso,participant_full_id,wearing_detection_percentage,missing_value_reason
1733356800000,2024-12-05T00:00:00Z,1573-1-1-00002,,device_not_recording
1733356860000,2024-12-05T00:01:00Z,1573-1-1-00002,,device_not_recording
1733356920000,2024-12-05T00:02:00Z,1573-1-1-00002,,device_not_recording
1733356980000,2024-12-05T00:03:00Z,1573-1-1-00002,,device_not_recording
1733357040000,2024-12-05T00:04:00Z,1573-1-1-00002,,device_not_recording
1733357100000,2024-12-05T00:05:00Z,1573-1-1-00002,,device_not_recording
1733357160000,2024-12-05T00:06:00Z,1573-1-1-00002,,device_not_recording
1733357220000,2024-12-05T00:07:00Z,1573-1-1-00002,,device_not_recording
1733357280000,2024-12-05T00:08:00Z,1573-1-1-00002,,device_not_recording
1733357340000,2024-12-05T00:09:00Z,1573-1-1-00002,,device_not_recording
1733357400000,2024-12-05T00:10:00Z,1573-1-1-00002,,device_not_recording
1733357460000,2024-12-05T00:11:00Z,1573-1-1-00002,,device_not_recording
1733357520000,2024-12-05T00:12:00Z,1573-1-1-00002,,device_not_recording
1733357580000,2024-12-05T00:13:00Z,1573-1-1-00002,,device_not_recording
1733357640000,2024-12-05T00:14:00Z,1573-1-1-00002,,device_not_recording
1733357700000,2024-12-05T00:15:00Z,1573-1-1-00002,,device_not_recording
1733357760000,2024-12-05T00:16:00Z,1573-1-1-00002,,device_not_recording
1733357820000,2024-12-05T00:17:00Z,1573-1-1-00002,,device_not_recording
1733357880000,2024-12-05T00:18:00Z,1573-1-1-00002,,device_not_recording
1733357940000,2024-12-05T00:19:00Z,1573-1-1-00002,,device_not_recording
1733358000000,2024-12-05T00:20:00Z,1573-1-1-00002,,device_not_recording
1733358060000,2024-12-05T00:21:00Z,1573-1-1-00002,,device_not_recording
1733358120000,2024-12-05T00:22:00Z,1573-1-1-00002,,device_not_recording
1733358180000,2024-12-05T00:23:00Z,1573-1-1-00002,,device_not_recording
1733358240000,2024-12-05T00:24:00Z,1573-1-1-00002,,device_not_recording
1733358300000,2024-12-05T00:25:00Z,1573-1-1-00002,,device_not_recording
1733358360000,2024-12-05T00:26:00Z,1573-1-1-00002,,device_not_recording
1733358420000,2024-12-05T00:27:00Z,1573-1-1-00002,,device_not_recording
1733358480000,2024-12-05T00:28:00Z,1573-1-1-00002,,device_not_recording
1733358540000,2024-12-05T00:29:00Z,1573-1-1-00002,,device_not_recording
1733358600000,2024-12-05T00:30:00Z,1573-1-1-00002,,device_not_recording
1733358660000,2024-12-05T00:31:00Z,1573-1-1-00002,,device_not_recording
1733358720000,2024-12-05T00:32:00Z,1573-1-1-00002,,device_not_recording
1733358780000,2024-12-05T00:33:00Z,1573-1-1-00002,,device_not_recording
1733358840000,2024-12-05T00:34:00Z,1573-1-1-00002,,device_not_recording
1733358900000,2024-12-05T00:35:00Z,1573-1-1-00002,,device_not_recording
1733358960000,2024-12-05T00:36:00Z,1573-1-1-00002,,device_not_recording
1733359020000,2024-12-05T00:37:00Z,1573-1-1-00002,,device_not_recording
1733359080000,2024-12-05T00:38:00Z,1573-1-1-00002,,device_not_recording
1733359140000,2024-12-05T00:39:00Z,1573-1-1-00002,,device_not_recording
1733359200000,2024-12-05T00:40:00Z,1573-1-1-00002,,device_not_recording
1733359260000,2024-12-05T00:41:00Z,1573-1-1-00002,,device_not_recording
1733359320000,2024-12-05T00:42:00Z,1573-1-1-00002,,device_not_recording
1733359380000,2024-12-05T00:43:00Z,1573-1-1-00002,,device_not_recording
1733359440000,2024-12-05T00:44:00Z,1573-1-1-00002,,device_not_recording
1733359500000,2024-12-05T00:45:00Z,1573-1-1-00002,,device_not_recording
1733359560000,2024-12-05T00:46:00Z,1573-1-1-00002,,device_not_recording
1733359620000,2024-12-05T00:47:00Z,1573-1-1-00002,,device_not_recording
1733359680000,2024-12-05T00:48:00Z,1573-1-1-00002,,device_not_recording
1733359740000,2024-12-05T00:49:00Z,1573-1-1-00002,,device_not_recording
1733359800000,2024-12-05T00:50:00Z,1573-1-1-00002,,device_not_recording
1733359860000,2024-12-05T00:51:00Z,1573-1-1-00002,,device_not_recording
1733359920000,2024-12-05T00:52:00Z,1573-1-1-00002,,device_not_recording
1733359980000,2024-12-05T00:53:00Z,1573-1-1-00002,,device_not_recording
1733360040000,2024-12-05T00:54:00Z,1573-1-1-00002,,device_not_recording
1733360100000,2024-12-05T00:55:00Z,1573-1-1-00002,,device_not_recording
1733360160000,2024-12-05T00:56:00Z,1573-1-1-00002,,device_not_recording
1733360220000,2024-12-05T00:57:00Z,1573-1-1-00002,,device_not_recording
1733360280000,2024-12-05T00:58:00Z,1573-1-1-00002,,device_not_recording
1733360340000,2024-12-05T00:59:00Z,1573-1-1-00002,,device_not_recording
1733360400000,2024-12-05T01:00:00Z,1573-1-1-00002,,device_not_recording
1733360460000,2024-12-05T01:01:00Z,1573-1-1-00002,,device_not_recording
1733360520000,2024-12-05T01:02:00Z,1573-1-1-00002,,device_not_recording
1733360580000,2024-12-05T01:03:00Z,1573-1-1-00002,,device_not_recording
1733360640000,2024-12-05T01:04:00Z,1573-1-1-00002,,device_not_recording
1733360700000,2024-12-05T01:05:00Z,1573-1-1-00002,,device_not_recording
1733360760000,2024-12-05T01:06:00Z,1573-1-1-00002,,device_not_recording
1733360820000,2024-12-05T01:07:00Z,1573-1-1-00002,,device_not_recording
1733360880000,2024-12-05T01:08:00Z,1573-1-1-00002,,device_not_recording
1733360940000,2024-12-05T01:09:00Z,1573-1-1-00002,,device_not_recording
1733361000000,2024-12-05T01:10:00Z,1573-1-1-00002,,device_not_recording
1733361060000,2024-12-05T01:11:00Z,1573-1-1-00002,,device_not_recording
1733361120000,2024-12-05T01:12:00Z,1573-1-1-00002,,device_not_recording
1733361180000,2024-12-05T01:13:00Z,1573-1-1-00002,,device_not_recording
1733361240000,2024-12-05T01:14:00Z,1573-1-1-00002,,device_not_recording
1733361300000,2024-12-05T01:15:00Z,1573-1-1-00002,,device_not_recording
1733361360000,2024-12-05T01:16:00Z,1573-1-1-00002,,device_not_recording
1733361420000,2024-12-05T01:17:00Z,1573-1-1-00002,,device_not_recording
1733361480000,2024-12-05T01:18:00Z,1573-1-1-00002,,device_not_recording
1733361540000,2024-12-05T01:19:00Z,1573-1-1-00002,,device_not_recording
1733361600000,2024-12-05T01:20:00Z,1573-1-1-00002,,device_not_recording
1733361660000,2024-12-05T01:21:00Z,1573-1-1-00002,,device_not_recording
1733361720000,2024-12-05T01:22:00Z,1573-1-1-00002,,device_not_recording
1733361780000,2024-12-05T01:23:00Z,1573-1-1-00002,,device_not_recording
1733361840000,2024-12-05T01:24:00Z,1573-1-1-00002,,device_not_recording
1733361900000,2024-12-05T01:25:00Z,1573-1-1-00002,,device_not_recording
1733361960000,2024-12-05T01:26:00Z,1573-1-1-00002,,device_not_recording
1733362020000,2024-12-05T01:27:00Z,1573-1-1-00002,,device_not_recording
1733362080000,2024-12-05T01:28:00Z,1573-1-1-00002,,device_not_recording
1733362140000,2024-12-05T01:29:00Z,1573-1-1-00002,,device_not_recording
1733362200000,2024-12-05T01:30:00Z,1573-1-1-00002,,device_not_recording
1733362260000,2024-12-05T01:31:00Z,1573-1-1-00002,,device_not_recording
1733362320000,2024-12-05T01:32:00Z,1573-1-1-00002,,device_not_recording
1733362380000,2024-12-05T01:33:00Z,1573-1-1-00002,,device_not_recording
1733362440000,2024-12-05T01:34:00Z,1573-1-1-00002,,device_not_recording
1733362500000,2024-12-05T01:35:00Z,1573-1-1-00002,,device_not_recording
1733362560000,2024-12-05T01:36:00Z,1573-1-1-00002,,device_not_recording
1733362620000,2024-12-05T01:37:00Z,1573-1-1-00002,,device_not_recording
1733362680000,2024-12-05T01:38:00Z,1573-1-1-00002,,device_not_recording
1733362740000,2024-12-05T01:39:00Z,1573-1-1-00002,,device_not_recording
1733362800000,2024-12-05T01:40:00Z,1573-1-1-00002,,device_not_recording
1733362860000,2024-12-05T01:41:00Z,1573-1-1-00002,,device_not_recording
1733362920000,2024-12-05T01:42:00Z,1573-1-1-00002,,device_not_recording
1733362980000,2024-12-05T01:43:00Z,1573-1-1-00002,,device_not_recording
1733363040000,2024-12-05T01:44:00Z,1573-1-1-00002,,device_not_recording
1733363100000,2024-12-05T01:45:00Z,1573-1-1-00002,,device_not_recording
1733363160000,2024-12-05T01:46:00Z,1573-1-1-00002,,device_not_recording
1733363220000,2024-12-05T01:47:00Z,1573-1-1-00002,,device_not_recording
1733363280000,2024-12-05T01:48:00Z,1573-1-1-00002,,device_not_recording
1733363340000,2024-12-05T01:49:00Z,1573-1-1-00002,,device_not_recording
1733363400000,2024-12-05T01:50:00Z,1573-1-1-00002,,device_not_recording
1733363460000,2024-12-05T01:51:00Z,1573-1-1-00002,,device_not_recording
1733363520000,2024-12-05T01:52:00Z,1573-1-1-00002,,device_not_recording
1733363580000,2024-12-05T01:53:00Z,1573-1-1-00002,,device_not_recording
1733363640000,2024-12-05T01:54:00Z,1573-1-1-00002,,device_not_recording
1733363700000,2024-12-05T01:55:00Z,1573-1-1-00002,,device_not_recording
1733363760000,2024-12-05T01:56:00Z,1573-1-1-00002,,device_not_recording
1733363820000,2024-12-05T01:57:00Z,1573-1-1-00002,,device_not_recording
1733363880000,2024-12-05T01:58:00Z,1573-1-1-00002,,device_not_recording
1733363940000,2024-12-05T01:59:00Z,1573-1-1-00002,,device_not_recording
1733364000000,2024-12-05T02:00:00Z,1573-1-1-00002,,device_not_recording
1733364060000,2024-12-05T02:01:00Z,1573-1-1-00002,,device_not_recording
1733364120000,2024-12-05T02:02:00Z,1573-1-1-00002,,device_not_recording
1733364180000,2024-12-05T02:03:00Z,1573-1-1-00002,,device_not_recording
1733364240000,2024-12-05T02:04:00Z,1573-1-1-00002,,device_not_recording
1733364300000,2024-12-05T02:05:00Z,1573-1-1-00002,,device_not_recording
1733364360000,2024-12-05T02:06:00Z,1573-1-1-00002,,device_not_recording
1733364420000,2024-12-05T02:07:00Z,1573-1-1-00002,,device_not_recording
1733364480000,2024-12-05T02:08:00Z,1573-1-1-00002,,device_not_recording
1733364540000,2024-12-05T02:09:00Z,1573-1-1-00002,,device_not_recording
1733364600000,2024-12-05T02:10:00Z,1573-1-1-00002,,device_not_recording
1733364660000,2024-12-05T02:11:00Z,1573-1-1-00002,,device_not_recording
1733364720000,2024-12-05T02:12:00Z,1573-1-1-00002,,device_not_recording
1733364780000,2024-12-05T02:13:00Z,1573-1-1-00002,,device_not_recording
1733364840000,2024-12-05T02:14:00Z,1573-1-1-00002,,device_not_recording
1733364900000,2024-12-05T02:15:00Z,1573-1-1-00002,,device_not_recording
1733364960000,2024-12-05T02:16:00Z,1573-1-1-00002,,device_not_recording
1733365020000,2024-12-05T02:17:00Z,1573-1-1-00002,,device_not_recording
1733365080000,2024-12-05T02:18:00Z,1573-1-1-00002,,device_not_recording
1733365140000,2024-12-05T02:19:00Z,1573-1-1-00002,,device_not_recording
1733365200000,2024-12-05T02:20:00Z,1573-1-1-00002,,device_not_recording
1733365260000,2024-12-05T02:21:00Z,1573-1-1-00002,,device_not_recording
1733365320000,2024-12-05T02:22:00Z,1573-1-1-00002,,device_not_recording
1733365380000,2024-12-05T02:23:00Z,1573-1-1-00002,,device_not_recording
1733365440000,2024-12-05T02:24:00Z,1573-1-1-00002,,device_not_recording
1733365500000,2024-12-05T02:25:00Z,1573-1-1-00002,,device_not_recording
1733365560000,2024-12-05T02:26:00Z,1573-1-1-00002,,device_not_recording
1733365620000,2024-12-05T02:27:00Z,1573-1-1-00002,,device_not_recording
1733365680000,2024-12-05T02:28:00Z,1573-1-1-00002,,device_not_recording
1733365740000,2024-12-05T02:29:00Z,1573-1-1-00002,,device_not_recording
1733365800000,2024-12-05T02:30:00Z,1573-1-1-00002,,device_not_recording
1733365860000,2024-12-05T02:31:00Z,1573-1-1-00002,,device_not_recording
1733365920000,2024-12-05T02:32:00Z,1573-1-1-00002,,device_not_recording
1733365980000,2024-12-05T02:33:00Z,1573-1-1-00002,,device_not_recording
1733366040000,2024-12-05T02:34:00Z,1573-1-1-00002,,device_not_recording
1733366100000,2024-12-05T02:35:00Z,1573-1-1-00002,,device_not_recording
1733366160000,2024-12-05T02:36:00Z,1573-1-1-00002,,device_not_recording
1733366220000,2024-12-05T02:37:00Z,1573-1-1-00002,,device_not_recording
1733366280000,2024-12-05T02:38:00Z,1573-1-1-00002,,device_not_recording
1733366340000,2024-12-05T02:39:00Z,1573-1-1-00002,,device_not_recording
1733366400000,2024-12-05T02:40:00Z,1573-1-1-00002,,device_not_recording
1733366460000,2024-12-05T02:41:00Z,1573-1-1-00002,,device_not_recording
1733366520000,2024-12-05T02:42:00Z,1573-1-1-00002,,device_not_recording
1733366580000,2024-12-05T02:43:00Z,1573-1-1-00002,,device_not_recording
1733366640000,2024-12-05T02:44:00Z,1573-1-1-00002,,device_not_recording
1733366700000,2024-12-05T02:45:00Z,1573-1-1-00002,,device_not_recording
1733366760000,2024-12-05T02:46:00Z,1573-1-1-00002,,device_not_recording
1733366820000,2024-12-05T02:47:00Z,1573-1-1-00002,,device_not_recording
1733366880000,2024-12-05T02:48:00Z,1573-1-1-00002,,device_not_recording
1733366940000,2024-12-05T02:49:00Z,1573-1-1-00002,,device_not_recording
1733367000000,2024-12-05T02:50:00Z,1573-1-1-00002,,device_not_recording
1733367060000,2024-12-05T02:51:00Z,1573-1-1-00002,,device_not_recording
1733367120000,2024-12-05T02:52:00Z,1573-1-1-00002,,device_not_recording
1733367180000,2024-12-05T02:53:00Z,1573-1-1-00002,,device_not_recording
1733367240000,2024-12-05T02:54:00Z,1573-1-1-00002,,device_not_recording
1733367300000,2024-12-05T02:55:00Z,1573-1-1-00002,,device_not_recording
1733367360000,2024-12-05T02:56:00Z,1573-1-1-00002,,device_not_recording
1733367420000,2024-12-05T02:57:00Z,1573-1-1-00002,,device_not_recording
1733367480000,2024-12-05T02:58:00Z,1573-1-1-00002,,device_not_recording
1733367540000,2024-12-05T02:59:00Z,1573-1-1-00002,,device_not_recording
1733367600000,2024-12-05T03:00:00Z,1573-1-1-00002,,device_not_recording
1733367660000,2024-12-05T03:01:00Z,1573-1-1-00002,,device_not_recording
1733367720000,2024-12-05T03:02:00Z,1573-1-1-00002,,device_not_recording
1733367780000,2024-12-05T03:03:00Z,1573-1-1-00002,,device_not_recording
1733367840000,2024-12-05T03:04:00Z,1573-1-1-00002,,device_not_recording
1733367900000,2024-12-05T03:05:00Z,1573-1-1-00002,,device_not_recording
1733367960000,2024-12-05T03:06:00Z,1573-1-1-00002,,device_not_recording
1733368020000,2024-12-05T03:07:00Z,1573-1-1-00002,,device_not_recording
1733368080000,2024-12-05T03:08:00Z,1573-1-1-00002,,device_not_recording
1733368140000,2024-12-05T03:09:00Z,1573-1-1-00002,,device_not_recording
1733368200000,2024-12-05T03:10:00Z,1573-1-1-00002,,device_not_recording
1733368260000,2024-12-05T03:11:00Z,1573-1-1-00002,,device_not_recording
1733368320000,2024-12-05T03:12:00Z,1573-1-1-00002,,device_not_recording
1733368380000,2024-12-05T03:13:00Z,1573-1-1-00002,,device_not_recording
1733368440000,2024-12-05T03:14:00Z,1573-1-1-00002,,device_not_recording
1733368500000,2024-12-05T03:15:00Z,1573-1-1-00002,,device_not_recording
1733368560000,2024-12-05T03:16:00Z,1573-1-1-00002,,device_not_recording
1733368620000,2024-12-05T03:17:00Z,1573-1-1-00002,,device_not_recording
1733368680000,2024-12-05T03:18:00Z,1573-1-1-00002,,device_not_recording
1733368740000,2024-12-05T03:19:00Z,1573-1-1-00002,,device_not_recording
1733368800000,2024-12-05T03:20:00Z,1573-1-1-00002,,device_not_recording
1733368860000,2024-12-05T03:21:00Z,1573-1-1-00002,,device_not_recording
1733368920000,2024-12-05T03:22:00Z,1573-1-1-00002,,device_not_recording
1733368980000,2024-12-05T03:23:00Z,1573-1-1-00002,,device_not_recording
1733369040000,2024-12-05T03:24:00Z,1573-1-1-00002,,device_not_recording
1733369100000,2024-12-05T03:25:00Z,1573-1-1-00002,,device_not_recording
1733369160000,2024-12-05T03:26:00Z,1573-1-1-00002,,device_not_recording
1733369220000,2024-12-05T03:27:00Z,1573-1-1-00002,,device_not_recording
1733369280000,2024-12-05T03:28:00Z,1573-1-1-00002,,device_not_recording
1733369340000,2024-12-05T03:29:00Z,1573-1-1-00002,,device_not_recording
1733369400000,2024-12-05T03:30:00Z,1573-1-1-00002,,device_not_recording
1733369460000,2024-12-05T03:31:00Z,1573-1-1-00002,,device_not_recording
1733369520000,2024-12-05T03:32:00Z,1573-1-1-00002,,device_not_recording
1733369580000,2024-12-05T03:33:00Z,1573-1-1-00002,,device_not_recording
1733369640000,2024-12-05T03:34:00Z,1573-1-1-00002,,device_not_recording
1733369700000,2024-12-05T03:35:00Z,1573-1-1-00002,,device_not_recording
1733369760000,2024-12-05T03:36:00Z,1573-1-1-00002,,device_not_recording
1733369820000,2024-12-05T03:37:00Z,1573-1-1-00002,,device_not_recording
1733369880000,2024-12-05T03:38:00Z,1573-1-1-00002,,device_not_recording
1733369940000,2024-12-05T03:39:00Z,1573-1-1-00002,,device_not_recording
1733370000000,2024-12-05T03:40:00Z,1573-1-1-00002,,device_not_recording
1733370060000,2024-12-05T03:41:00Z,1573-1-1-00002,,device_not_recording
1733370120000,2024-12-05T03:42:00Z,1573-1-1-00002,,device_not_recording
1733370180000,2024-12-05T03:43:00Z,1573-1-1-00002,,device_not_recording
1733370240000,2024-12-05T03:44:00Z,1573-1-1-00002,,device_not_recording
1733370300000,2024-12-05T03:45:00Z,1573-1-1-00002,,device_not_recording
1733370360000,2024-12-05T03:46:00Z,1573-1-1-00002,,device_not_recording
1733370420000,2024-12-05T03:47:00Z,1573-1-1-00002,,device_not_recording
1733370480000,2024-12-05T03:48:00Z,1573-1-1-00002,,device_not_recording
1733370540000,2024-12-05T03:49:00Z,1573-1-1-00002,,device_not_recording
1733370600000,2024-12-05T03:50:00Z,1573-1-1-00002,,device_not_recording
1733370660000,2024-12-05T03:51:00Z,1573-1-1-00002,,device_not_recording
1733370720000,2024-12-05T03:52:00Z,1573-1-1-00002,,device_not_recording
1733370780000,2024-12-05T03:53:00Z,1573-1-1-00002,,device_not_recording
1733370840000,2024-12-05T03:54:00Z,1573-1-1-00002,,device_not_recording
1733370900000,2024-12-05T03:55:00Z,1573-1-1-00002,,device_not_recording
1733370960000,2024-12-05T03:56:00Z,1573-1-1-00002,,device_not_recording
1733371020000,2024-12-05T03:57:00Z,1573-1-1-00002,,device_not_recording
1733371080000,2024-12-05T03:58:00Z,1573-1-1-00002,,device_not_recording
1733371140000,2024-12-05T03:59:00Z,1573-1-1-00002,,device_not_recording
1733371200000,2024-12-05T04:00:00Z,1573-1-1-00002,,device_not_recording
1733371260000,2024-12-05T04:01:00Z,1573-1-1-00002,,device_not_recording
1733371320000,2024-12-05T04:02:00Z,1573-1-1-00002,,device_not_recording
1733371380000,2024-12-05T04:03:00Z,1573-1-1-00002,,device_not_recording
1733371440000,2024-12-05T04:04:00Z,1573-1-1-00002,,device_not_recording
1733371500000,2024-12-05T04:05:00Z,1573-1-1-00002,,device_not_recording
1733371560000,2024-12-05T04:06:00Z,1573-1-1-00002,,device_not_recording
1733371620000,2024-12-05T04:07:00Z,1573-1-1-00002,,device_not_recording
1733371680000,2024-12-05T04:08:00Z,1573-1-1-00002,,device_not_recording
1733371740000,2024-12-05T04:09:00Z,1573-1-1-00002,,device_not_recording
1733371800000,2024-12-05T04:10:00Z,1573-1-1-00002,,device_not_recording
1733371860000,2024-12-05T04:11:00Z,1573-1-1-00002,,device_not_recording
1733371920000,2024-12-05T04:12:00Z,1573-1-1-00002,,device_not_recording
1733371980000,2024-12-05T04:13:00Z,1573-1-1-00002,,device_not_recording
1733372040000,2024-12-05T04:14:00Z,1573-1-1-00002,,device_not_recording
1733372100000,2024-12-05T04:15:00Z,1573-1-1-00002,,device_not_recording
1733372160000,2024-12-05T04:16:00Z,1573-1-1-00002,,device_not_recording
1733372220000,2024-12-05T04:17:00Z,1573-1-1-00002,,device_not_recording
1733372280000,2024-12-05T04:18:00Z,1573-1-1-00002,,device_not_recording
1733372340000,2024-12-05T04:19:00Z,1573-1-1-00002,,device_not_recording
1733372400000,2024-12-05T04:20:00Z,1573-1-1-00002,,device_not_recording
1733372460000,2024-12-05T04:21:00Z,1573-1-1-00002,,device_not_recording
1733372520000,2024-12-05T04:22:00Z,1573-1-1-00002,,device_not_recording
1733372580000,2024-12-05T04:23:00Z,1573-1-1-00002,,device_not_recording
1733372640000,2024-12-05T04:24:00Z,1573-1-1-00002,,device_not_recording
1733372700000,2024-12-05T04:25:00Z,1573-1-1-00002,,device_not_recording
1733372760000,2024-12-05T04:26:00Z,1573-1-1-00002,,device_not_recording
1733372820000,2024-12-05T04:27:00Z,1573-1-1-00002,,device_not_recording
1733372880000,2024-12-05T04:28:00Z,1573-1-1-00002,,device_not_recording
1733372940000,2024-12-05T04:29:00Z,1573-1-1-00002,,device_not_recording
1733373000000,2024-12-05T04:30:00Z,1573-1-1-00002,,device_not_recording
1733373060000,2024-12-05T04:31:00Z,1573-1-1-00002,,device_not_recording
1733373120000,2024-12-05T04:32:00Z,1573-1-1-00002,,device_not_recording
1733373180000,2024-12-05T04:33:00Z,1573-1-1-00002,,device_not_recording
1733373240000,2024-12-05T04:34:00Z,1573-1-1-00002,,device_not_recording
1733373300000,2024-12-05T04:35:00Z,1573-1-1-00002,,device_not_recording
1733373360000,2024-12-05T04:36:00Z,1573-1-1-00002,,device_not_recording
1733373420000,2024-12-05T04:37:00Z,1573-1-1-00002,,device_not_recording
1733373480000,2024-12-05T04:38:00Z,1573-1-1-00002,,device_not_recording
1733373540000,2024-12-05T04:39:00Z,1573-1-1-00002,,device_not_recording
1733373600000,2024-12-05T04:40:00Z,1573-1-1-00002,,device_not_recording
1733373660000,2024-12-05T04:41:00Z,1573-1-1-00002,,device_not_recording
1733373720000,2024-12-05T04:42:00Z,1573-1-1-00002,,device_not_recording
1733373780000,2024-12-05T04:43:00Z,1573-1-1-00002,,device_not_recording
1733373840000,2024-12-05T04:44:00Z,1573-1-1-00002,,device_not_recording
1733373900000,2024-12-05T04:45:00Z,1573-1-1-00002,,device_not_recording
1733373960000,2024-12-05T04:46:00Z,1573-1-1-00002,,device_not_recording
1733374020000,2024-12-05T04:47:00Z,1573-1-1-00002,,device_not_recording
1733374080000,2024-12-05T04:48:00Z,1573-1-1-00002,,device_not_recording
1733374140000,2024-12-05T04:49:00Z,1573-1-1-00002,,device_not_recording
1733374200000,2024-12-05T04:50:00Z,1573-1-1-00002,,device_not_recording
1733374260000,2024-12-05T04:51:00Z,1573-1-1-00002,,device_not_recording
1733374320000,2024-12-05T04:52:00Z,1573-1-1-00002,,device_not_recording
1733374380000,2024-12-05T04:53:00Z,1573-1-1-00002,,device_not_recording
1733374440000,2024-12-05T04:54:00Z,1573-1-1-00002,,device_not_recording
1733374500000,2024-12-05T04:55:00Z,1573-1-1-00002,,device_not_recording
1733374560000,2024-12-05T04:56:00Z,1573-1-1-00002,,device_not_recording
1733374620000,2024-12-05T04:57:00Z,1573-1-1-00002,,device_not_recording
1733374680000,2024-12-05T04:58:00Z,1573-1-1-00002,,device_not_recording
1733374740000,2024-12-05T04:59:00Z,1573-1-1-00002,,device_not_recording
1733374800000,2024-12-05T05:00:00Z,1573-1-1-00002,,device_not_recording
1733374860000,2024-12-05T05:01:00Z,1573-1-1-00002,,device_not_recording
1733374920000,2024-12-05T05:02:00Z,1573-1-1-00002,,device_not_recording
1733374980000,2024-12-05T05:03:00Z,1573-1-1-00002,,device_not_recording
1733375040000,2024-12-05T05:04:00Z,1573-1-1-00002,,device_not_recording
1733375100000,2024-12-05T05:05:00Z,1573-1-1-00002,,device_not_recording
1733375160000,2024-12-05T05:06:00Z,1573-1-1-00002,,device_not_recording
1733375220000,2024-12-05T05:07:00Z,1573-1-1-00002,,device_not_recording
1733375280000,2024-12-05T05:08:00Z,1573-1-1-00002,,device_not_recording
1733375340000,2024-12-05T05:09:00Z,1573-1-1-00002,,device_not_recording
1733375400000,2024-12-05T05:10:00Z,1573-1-1-00002,,device_not_recording
1733375460000,2024-12-05T05:11:00Z,1573-1-1-00002,,device_not_recording
1733375520000,2024-12-05T05:12:00Z,1573-1-1-00002,,device_not_recording
1733375580000,2024-12-05T05:13:00Z,1573-1-1-00002,,device_not_recording
1733375640000,2024-12-05T05:14:00Z,1573-1-1-00002,,device_not_recording
1733375700000,2024-12-05T05:15:00Z,1573-1-1-00002,,device_not_recording
1733375760000,2024-12-05T05:16:00Z,1573-1-1-00002,,device_not_recording
1733375820000,2024-12-05T05:17:00Z,1573-1-1-00002,,device_not_recording
1733375880000,2024-12-05T05:18:00Z,1573-1-1-00002,,device_not_recording
1733375940000,2024-12-05T05:19:00Z,1573-1-1-00002,,device_not_recording
1733376000000,2024-12-05T05:20:00Z,1573-1-1-00002,,device_not_recording
1733376060000,2024-12-05T05:21:00Z,1573-1-1-00002,,device_not_recording
1733376120000,2024-12-05T05:22:00Z,1573-1-1-00002,,device_not_recording
1733376180000,2024-12-05T05:23:00Z,1573-1-1-00002,,device_not_recording
1733376240000,2024-12-05T05:24:00Z,1573-1-1-00002,,device_not_recording
1733376300000,2024-12-05T05:25:00Z,1573-1-1-00002,,device_not_recording
1733376360000,2024-12-05T05:26:00Z,1573-1-1-00002,,device_not_recording
1733376420000,2024-12-05T05:27:00Z,1573-1-1-00002,,device_not_recording
1733376480000,2024-12-05T05:28:00Z,1573-1-1-00002,,device_not_recording
1733376540000,2024-12-05T05:29:00Z,1573-1-1-00002,,device_not_recording
1733376600000,2024-12-05T05:30:00Z,1573-1-1-00002,,device_not_recording
1733376660000,2024-12-05T05:31:00Z,1573-1-1-00002,,device_not_recording
1733376720000,2024-12-05T05:32:00Z,1573-1-1-00002,,device_not_recording
1733376780000,2024-12-05T05:33:00Z,1573-1-1-00002,,device_not_recording
1733376840000,2024-12-05T05:34:00Z,1573-1-1-00002,,device_not_recording
1733376900000,2024-12-05T05:35:00Z,1573-1-1-00002,,device_not_recording
1733376960000,2024-12-05T05:36:00Z,1573-1-1-00002,,device_not_recording
1733377020000,2024-12-05T05:37:00Z,1573-1-1-00002,,device_not_recording
1733377080000,2024-12-05T05:38:00Z,1573-1-1-00002,,device_not_recording
1733377140000,2024-12-05T05:39:00Z,1573-1-1-00002,,device_not_recording
1733377200000,2024-12-05T05:40:00Z,1573-1-1-00002,,device_not_recording
1733377260000,2024-12-05T05:41:00Z,1573-1-1-00002,,device_not_recording
1733377320000,2024-12-05T05:42:00Z,1573-1-1-00002,,device_not_recording
1733377380000,2024-12-05T05:43:00Z,1573-1-1-00002,,device_not_recording
1733377440000,2024-12-05T05:44:00Z,1573-1-1-00002,,device_not_recording
1733377500000,2024-12-05T05:45:00Z,1573-1-1-00002,,device_not_recording
1733377560000,2024-12-05T05:46:00Z,1573-1-1-00002,,device_not_recording
1733377620000,2024-12-05T05:47:00Z,1573-1-1-00002,,device_not_recording
1733377680000,2024-12-05T05:48:00Z,1573-1-1-00002,,device_not_recording
1733377740000,2024-12-05T05:49:00Z,1573-1-1-00002,,device_not_recording
1733377800000,2024-12-05T05:50:00Z,1573-1-1-00002,,device_not_recording
1733377860000,2024-12-05T05:51:00Z,1573-1-1-00002,,device_not_recording
1733377920000,2024-12-05T05:52:00Z,1573-1-1-00002,,device_not_recording
1733377980000,2024-12-05T05:53:00Z,1573-1-1-00002,,device_not_recording
1733378040000,2024-12-05T05:54:00Z,1573-1-1-00002,,device_not_recording
1733378100000,2024-12-05T05:55:00Z,1573-1-1-00002,,device_not_recording
1733378160000,2024-12-05T05:56:00Z,1573-1-1-00002,,device_not_recording
1733378220000,2024-12-05T05:57:00Z,1573-1-1-00002,,device_not_recording
1733378280000,2024-12-05T05:58:00Z,1573-1-1-00002,,device_not_recording
1733378340000,2024-12-05T05:59:00Z,1573-1-1-00002,,device_not_recording
1733378400000,2024-12-05T06:00:00Z,1573-1-1-00002,,device_not_recording
1733378460000,2024-12-05T06:01:00Z,1573-1-1-00002,,device_not_recording
1733378520000,2024-12-05T06:02:00Z,1573-1-1-00002,,device_not_recording
1733378580000,2024-12-05T06:03:00Z,1573-1-1-00002,,device_not_recording
1733378640000,2024-12-05T06:04:00Z,1573-1-1-00002,,device_not_recording
1733378700000,2024-12-05T06:05:00Z,1573-1-1-00002,,device_not_recording
1733378760000,2024-12-05T06:06:00Z,1573-1-1-00002,,device_not_recording
1733378820000,2024-12-05T06:07:00Z,1573-1-1-00002,,device_not_recording
1733378880000,2024-12-05T06:08:00Z,1573-1-1-00002,,device_not_recording
1733378940000,2024-12-05T06:09:00Z,1573-1-1-00002,,device_not_recording
1733379000000,2024-12-05T06:10:00Z,1573-1-1-00002,,device_not_recording
1733379060000,2024-12-05T06:11:00Z,1573-1-1-00002,,device_not_recording
1733379120000,2024-12-05T06:12:00Z,1573-1-1-00002,,device_not_recording
1733379180000,2024-12-05T06:13:00Z,1573-1-1-00002,,device_not_recording
1733379240000,2024-12-05T06:14:00Z,1573-1-1-00002,,device_not_recording
1733379300000,2024-12-05T06:15:00Z,1573-1-1-00002,,device_not_recording
1733379360000,2024-12-05T06:16:00Z,1573-1-1-00002,,device_not_recording
1733379420000,2024-12-05T06:17:00Z,1573-1-1-00002,,device_not_recording
1733379480000,2024-12-05T06:18:00Z,1573-1-1-00002,,device_not_recording
1733379540000,2024-12-05T06:19:00Z,1573-1-1-00002,,device_not_recording
1733379600000,2024-12-05T06:20:00Z,1573-1-1-00002,,device_not_recording
1733379660000,2024-12-05T06:21:00Z,1573-1-1-00002,,device_not_recording
1733379720000,2024-12-05T06:22:00Z,1573-1-1-00002,,device_not_recording
1733379780000,2024-12-05T06:23:00Z,1573-1-1-00002,,device_not_recording
1733379840000,2024-12-05T06:24:00Z,1573-1-1-00002,,device_not_recording
1733379900000,2024-12-05T06:25:00Z,1573-1-1-00002,,device_not_recording
1733379960000,2024-12-05T06:26:00Z,1573-1-1-00002,,device_not_recording
1733380020000,2024-12-05T06:27:00Z,1573-1-1-00002,,device_not_recording
1733380080000,2024-12-05T06:28:00Z,1573-1-1-00002,,device_not_recording
1733380140000,2024-12-05T06:29:00Z,1573-1-1-00002,,device_not_recording
1733380200000,2024-12-05T06:30:00Z,1573-1-1-00002,,device_not_recording
1733380260000,2024-12-05T06:31:00Z,1573-1-1-00002,,device_not_recording
1733380320000,2024-12-05T06:32:00Z,1573-1-1-00002,,device_not_recording
1733380380000,2024-12-05T06:33:00Z,1573-1-1-00002,,device_not_recording
1733380440000,2024-12-05T06:34:00Z,1573-1-1-00002,,device_not_recording
1733380500000,2024-12-05T06:35:00Z,1573-1-1-00002,,device_not_recording
1733380560000,2024-12-05T06:36:00Z,1573-1-1-00002,,device_not_recording
1733380620000,2024-12-05T06:37:00Z,1573-1-1-00002,,device_not_recording
1733380680000,2024-12-05T06:38:00Z,1573-1-1-00002,,device_not_recording
1733380740000,2024-12-05T06:39:00Z,1573-1-1-00002,,device_not_recording
1733380800000,2024-12-05T06:40:00Z,1573-1-1-00002,,device_not_recording
1733380860000,2024-12-05T06:41:00Z,1573-1-1-00002,,device_not_recording
1733380920000,2024-12-05T06:42:00Z,1573-1-1-00002,,device_not_recording
1733380980000,2024-12-05T06:43:00Z,1573-1-1-00002,,device_not_recording
1733381040000,2024-12-05T06:44:00Z,1573-1-1-00002,,device_not_recording
1733381100000,2024-12-05T06:45:00Z,1573-1-1-00002,,device_not_recording
1733381160000,2024-12-05T06:46:00Z,1573-1-1-00002,,device_not_recording
1733381220000,2024-12-05T06:47:00Z,1573-1-1-00002,,device_not_recording
1733381280000,2024-12-05T06:48:00Z,1573-1-1-00002,,device_not_recording
1733381340000,2024-12-05T06:49:00Z,1573-1-1-00002,,device_not_recording
1733381400000,2024-12-05T06:50:00Z,1573-1-1-00002,,device_not_recording
1733381460000,2024-12-05T06:51:00Z,1573-1-1-00002,,device_not_recording
1733381520000,2024-12-05T06:52:00Z,1573-1-1-00002,,device_not_recording
1733381580000,2024-12-05T06:53:00Z,1573-1-1-00002,,device_not_recording
1733381640000,2024-12-05T06:54:00Z,1573-1-1-00002,,device_not_recording
1733381700000,2024-12-05T06:55:00Z,1573-1-1-00002,,device_not_recording
1733381760000,2024-12-05T06:56:00Z,1573-1-1-00002,,device_not_recording
1733381820000,2024-12-05T06:57:00Z,1573-1-1-00002,,device_not_recording
1733381880000,2024-12-05T06:58:00Z,1573-1-1-00002,,device_not_recording
1733381940000,2024-12-05T06:59:00Z,1573-1-1-00002,,device_not_recording
1733382000000,2024-12-05T07:00:00Z,1573-1-1-00002,,device_not_recording
1733382060000,2024-12-05T07:01:00Z,1573-1-1-00002,,device_not_recording
1733382120000,2024-12-05T07:02:00Z,1573-1-1-00002,,device_not_recording
1733382180000,2024-12-05T07:03:00Z,1573-1-1-00002,,device_not_recording
1733382240000,2024-12-05T07:04:00Z,1573-1-1-00002,,device_not_recording
1733382300000,2024-12-05T07:05:00Z,1573-1-1-00002,,device_not_recording
1733382360000,2024-12-05T07:06:00Z,1573-1-1-00002,,device_not_recording
1733382420000,2024-12-05T07:07:00Z,1573-1-1-00002,,device_not_recording
1733382480000,2024-12-05T07:08:00Z,1573-1-1-00002,,device_not_recording
1733382540000,2024-12-05T07:09:00Z,1573-1-1-00002,,device_not_recording
1733382600000,2024-12-05T07:10:00Z,1573-1-1-00002,,device_not_recording
1733382660000,2024-12-05T07:11:00Z,1573-1-1-00002,,device_not_recording
1733382720000,2024-12-05T07:12:00Z,1573-1-1-00002,,device_not_recording
1733382780000,2024-12-05T07:13:00Z,1573-1-1-00002,,device_not_recording
1733382840000,2024-12-05T07:14:00Z,1573-1-1-00002,,device_not_recording
1733382900000,2024-12-05T07:15:00Z,1573-1-1-00002,,device_not_recording
1733382960000,2024-12-05T07:16:00Z,1573-1-1-00002,,device_not_recording
1733383020000,2024-12-05T07:17:00Z,1573-1-1-00002,,device_not_recording
1733383080000,2024-12-05T07:18:00Z,1573-1-1-00002,,device_not_recording
1733383140000,2024-12-05T07:19:00Z,1573-1-1-00002,,device_not_recording
1733383200000,2024-12-05T07:20:00Z,1573-1-1-00002,,device_not_recording
1733383260000,2024-12-05T07:21:00Z,1573-1-1-00002,,device_not_recording
1733383320000,2024-12-05T07:22:00Z,1573-1-1-00002,,device_not_recording
1733383380000,2024-12-05T07:23:00Z,1573-1-1-00002,,device_not_recording
1733383440000,2024-12-05T07:24:00Z,1573-1-1-00002,,device_not_recording
1733383500000,2024-12-05T07:25:00Z,1573-1-1-00002,,device_not_recording
1733383560000,2024-12-05T07:26:00Z,1573-1-1-00002,,device_not_recording
1733383620000,2024-12-05T07:27:00Z,1573-1-1-00002,,device_not_recording
1733383680000,2024-12-05T07:28:00Z,1573-1-1-00002,,device_not_recording
1733383740000,2024-12-05T07:29:00Z,1573-1-1-00002,,device_not_recording
1733383800000,2024-12-05T07:30:00Z,1573-1-1-00002,,device_not_recording
1733383860000,2024-12-05T07:31:00Z,1573-1-1-00002,,device_not_recording
1733383920000,2024-12-05T07:32:00Z,1573-1-1-00002,,device_not_recording
1733383980000,2024-12-05T07:33:00Z,1573-1-1-00002,,device_not_recording
1733384040000,2024-12-05T07:34:00Z,1573-1-1-00002,,device_not_recording
1733384100000,2024-12-05T07:35:00Z,1573-1-1-00002,,device_not_recording
1733384160000,2024-12-05T07:36:00Z,1573-1-1-00002,,device_not_recording
1733384220000,2024-12-05T07:37:00Z,1573-1-1-00002,,device_not_recording
1733384280000,2024-12-05T07:38:00Z,1573-1-1-00002,,device_not_recording
1733384340000,2024-12-05T07:39:00Z,1573-1-1-00002,,device_not_recording
1733384400000,2024-12-05T07:40:00Z,1573-1-1-00002,,device_not_recording
1733384460000,2024-12-05T07:41:00Z,1573-1-1-00002,,device_not_recording
1733384520000,2024-12-05T07:42:00Z,1573-1-1-00002,,device_not_recording
1733384580000,2024-12-05T07:43:00Z,1573-1-1-00002,,device_not_recording
1733384640000,2024-12-05T07:44:00Z,1573-1-1-00002,,device_not_recording
1733384700000,2024-12-05T07:45:00Z,1573-1-1-00002,,device_not_recording
1733384760000,2024-12-05T07:46:00Z,1573-1-1-00002,,device_not_recording
1733384820000,2024-12-05T07:47:00Z,1573-1-1-00002,,device_not_recording
1733384880000,2024-12-05T07:48:00Z,1573-1-1-00002,,device_not_recording
1733384940000,2024-12-05T07:49:00Z,1573-1-1-00002,,device_not_recording
1733385000000,2024-12-05T07:50:00Z,1573-1-1-00002,,device_not_recording
1733385060000,2024-12-05T07:51:00Z,1573-1-1-00002,,device_not_recording
1733385120000,2024-12-05T07:52:00Z,1573-1-1-00002,,device_not_recording
1733385180000,2024-12-05T07:53:00Z,1573-1-1-00002,,device_not_recording
1733385240000,2024-12-05T07:54:00Z,1573-1-1-00002,,device_not_recording
1733385300000,2024-12-05T07:55:00Z,1573-1-1-00002,,device_not_recording
1733385360000,2024-12-05T07:56:00Z,1573-1-1-00002,,device_not_recording
1733385420000,2024-12-05T07:57:00Z,1573-1-1-00002,,device_not_recording
1733385480000,2024-12-05T07:58:00Z,1573-1-1-00002,,device_not_recording
1733385540000,2024-12-05T07:59:00Z,1573-1-1-00002,,device_not_recording
1733385600000,2024-12-05T08:00:00Z,1573-1-1-00002,,device_not_recording
1733385660000,2024-12-05T08:01:00Z,1573-1-1-00002,,device_not_recording
1733385720000,2024-12-05T08:02:00Z,1573-1-1-00002,,device_not_recording
1733385780000,2024-12-05T08:03:00Z,1573-1-1-00002,,device_not_recording
1733385840000,2024-12-05T08:04:00Z,1573-1-1-00002,,device_not_recording
1733385900000,2024-12-05T08:05:00Z,1573-1-1-00002,,device_not_recording
1733385960000,2024-12-05T08:06:00Z,1573-1-1-00002,,device_not_recording
1733386020000,2024-12-05T08:07:00Z,1573-1-1-00002,,device_not_recording
1733386080000,2024-12-05T08:08:00Z,1573-1-1-00002,,device_not_recording
1733386140000,2024-12-05T08:09:00Z,1573-1-1-00002,,device_not_recording
1733386200000,2024-12-05T08:10:00Z,1573-1-1-00002,,device_not_recording
1733386260000,2024-12-05T08:11:00Z,1573-1-1-00002,,device_not_recording
1733386320000,2024-12-05T08:12:00Z,1573-1-1-00002,,device_not_recording
1733386380000,2024-12-05T08:13:00Z,1573-1-1-00002,,device_not_recording
1733386440000,2024-12-05T08:14:00Z,1573-1-1-00002,,device_not_recording
1733386500000,2024-12-05T08:15:00Z,1573-1-1-00002,,device_not_recording
1733386560000,2024-12-05T08:16:00Z,1573-1-1-00002,,device_not_recording
1733386620000,2024-12-05T08:17:00Z,1573-1-1-00002,,device_not_recording
1733386680000,2024-12-05T08:18:00Z,1573-1-1-00002,,device_not_recording
1733386740000,2024-12-05T08:19:00Z,1573-1-1-00002,,device_not_recording
1733386800000,2024-12-05T08:20:00Z,1573-1-1-00002,,device_not_recording
1733386860000,2024-12-05T08:21:00Z,1573-1-1-00002,,device_not_recording
1733386920000,2024-12-05T08:22:00Z,1573-1-1-00002,,device_not_recording
1733386980000,2024-12-05T08:23:00Z,1573-1-1-00002,,device_not_recording
1733387040000,2024-12-05T08:24:00Z,1573-1-1-00002,,device_not_recording
1733387100000,2024-12-05T08:25:00Z,1573-1-1-00002,,device_not_recording
1733387160000,2024-12-05T08:26:00Z,1573-1-1-00002,,device_not_recording
1733387220000,2024-12-05T08:27:00Z,1573-1-1-00002,,device_not_recording
1733387280000,2024-12-05T08:28:00Z,1573-1-1-00002,,device_not_recording
1733387340000,2024-12-05T08:29:00Z,1573-1-1-00002,,device_not_recording
1733387400000,2024-12-05T08:30:00Z,1573-1-1-00002,,device_not_recording
1733387460000,2024-12-05T08:31:00Z,1573-1-1-00002,,device_not_recording
1733387520000,2024-12-05T08:32:00Z,1573-1-1-00002,,device_not_recording
1733387580000,2024-12-05T08:33:00Z,1573-1-1-00002,,device_not_recording
1733387640000,2024-12-05T08:34:00Z,1573-1-1-00002,,device_not_recording
1733387700000,2024-12-05T08:35:00Z,1573-1-1-00002,,device_not_recording
1733387760000,2024-12-05T08:36:00Z,1573-1-1-00002,,device_not_recording
1733387820000,2024-12-05T08:37:00Z,1573-1-1-00002,,device_not_recording
1733387880000,2024-12-05T08:38:00Z,1573-1-1-00002,,device_not_recording
1733387940000,2024-12-05T08:39:00Z,1573-1-1-00002,,device_not_recording
1733388000000,2024-12-05T08:40:00Z,1573-1-1-00002,,device_not_recording
1733388060000,2024-12-05T08:41:00Z,1573-1-1-00002,,device_not_recording
1733388120000,2024-12-05T08:42:00Z,1573-1-1-00002,,device_not_recording
1733388180000,2024-12-05T08:43:00Z,1573-1-1-00002,,device_not_recording
1733388240000,2024-12-05T08:44:00Z,1573-1-1-00002,,device_not_recording
1733388300000,2024-12-05T08:45:00Z,1573-1-1-00002,,device_not_recording
1733388360000,2024-12-05T08:46:00Z,1573-1-1-00002,,device_not_recording
1733388420000,2024-12-05T08:47:00Z,1573-1-1-00002,,device_not_recording
1733388480000,2024-12-05T08:48:00Z,1573-1-1-00002,,device_not_recording
1733388540000,2024-12-05T08:49:00Z,1573-1-1-00002,,device_not_recording
1733388600000,2024-12-05T08:50:00Z,1573-1-1-00002,,device_not_recording
1733388660000,2024-12-05T08:51:00Z,1573-1-1-00002,,device_not_recording
1733388720000,2024-12-05T08:52:00Z,1573-1-1-00002,,device_not_recording
1733388780000,2024-12-05T08:53:00Z,1573-1-1-00002,,device_not_recording
1733388840000,2024-12-05T08:54:00Z,1573-1-1-00002,,device_not_recording
1733388900000,2024-12-05T08:55:00Z,1573-1-1-00002,,device_not_recording
1733388960000,2024-12-05T08:56:00Z,1573-1-1-00002,,device_not_recording
1733389020000,2024-12-05T08:57:00Z,1573-1-1-00002,,device_not_recording
1733389080000,2024-12-05T08:58:00Z,1573-1-1-00002,,device_not_recording
1733389140000,2024-12-05T08:59:00Z,1573-1-1-00002,,device_not_recording
1733389200000,2024-12-05T09:00:00Z,1573-1-1-00002,,device_not_recording
1733389260000,2024-12-05T09:01:00Z,1573-1-1-00002,,device_not_recording
1733389320000,2024-12-05T09:02:00Z,1573-1-1-00002,,device_not_recording
1733389380000,2024-12-05T09:03:00Z,1573-1-1-00002,,device_not_recording
1733389440000,2024-12-05T09:04:00Z,1573-1-1-00002,,device_not_recording
1733389500000,2024-12-05T09:05:00Z,1573-1-1-00002,,device_not_recording
1733389560000,2024-12-05T09:06:00Z,1573-1-1-00002,,device_not_recording
1733389620000,2024-12-05T09:07:00Z,1573-1-1-00002,,device_not_recording
1733389680000,2024-12-05T09:08:00Z,1573-1-1-00002,,device_not_recording
1733389740000,2024-12-05T09:09:00Z,1573-1-1-00002,,device_not_recording
1733389800000,2024-12-05T09:10:00Z,1573-1-1-00002,,device_not_recording
1733389860000,2024-12-05T09:11:00Z,1573-1-1-00002,,device_not_recording
1733389920000,2024-12-05T09:12:00Z,1573-1-1-00002,,device_not_recording
1733389980000,2024-12-05T09:13:00Z,1573-1-1-00002,,device_not_recording
1733390040000,2024-12-05T09:14:00Z,1573-1-1-00002,,device_not_recording
1733390100000,2024-12-05T09:15:00Z,1573-1-1-00002,,device_not_recording
1733390160000,2024-12-05T09:16:00Z,1573-1-1-00002,,device_not_recording
1733390220000,2024-12-05T09:17:00Z,1573-1-1-00002,,device_not_recording
1733390280000,2024-12-05T09:18:00Z,1573-1-1-00002,,device_not_recording
1733390340000,2024-12-05T09:19:00Z,1573-1-1-00002,,device_not_recording
1733390400000,2024-12-05T09:20:00Z,1573-1-1-00002,,device_not_recording
1733390460000,2024-12-05T09:21:00Z,1573-1-1-00002,,device_not_recording
1733390520000,2024-12-05T09:22:00Z,1573-1-1-00002,,device_not_recording
1733390580000,2024-12-05T09:23:00Z,1573-1-1-00002,,device_not_recording
1733390640000,2024-12-05T09:24:00Z,1573-1-1-00002,,device_not_recording
1733390700000,2024-12-05T09:25:00Z,1573-1-1-00002,,device_not_recording
1733390760000,2024-12-05T09:26:00Z,1573-1-1-00002,,device_not_recording
1733390820000,2024-12-05T09:27:00Z,1573-1-1-00002,,device_not_recording
1733390880000,2024-12-05T09:28:00Z,1573-1-1-00002,,device_not_recording
1733390940000,2024-12-05T09:29:00Z,1573-1-1-00002,,device_not_recording
1733391000000,2024-12-05T09:30:00Z,1573-1-1-00002,,device_not_recording
1733391060000,2024-12-05T09:31:00Z,1573-1-1-00002,,device_not_recording
1733391120000,2024-12-05T09:32:00Z,1573-1-1-00002,,device_not_recording
1733391180000,2024-12-05T09:33:00Z,1573-1-1-00002,,device_not_recording
1733391240000,2024-12-05T09:34:00Z,1573-1-1-00002,,device_not_recording
1733391300000,2024-12-05T09:35:00Z,1573-1-1-00002,,device_not_recording
1733391360000,2024-12-05T09:36:00Z,1573-1-1-00002,,device_not_recording
1733391420000,2024-12-05T09:37:00Z,1573-1-1-00002,,device_not_recording
1733391480000,2024-12-05T09:38:00Z,1573-1-1-00002,,device_not_recording
1733391540000,2024-12-05T09:39:00Z,1573-1-1-00002,,device_not_recording
1733391600000,2024-12-05T09:40:00Z,1573-1-1-00002,,device_not_recording
1733391660000,2024-12-05T09:41:00Z,1573-1-1-00002,,device_not_recording
1733391720000,2024-12-05T09:42:00Z,1573-1-1-00002,,device_not_recording
1733391780000,2024-12-05T09:43:00Z,1573-1-1-00002,,device_not_recording
1733391840000,2024-12-05T09:44:00Z,1573-1-1-00002,,device_not_recording
1733391900000,2024-12-05T09:45:00Z,1573-1-1-00002,,device_not_recording
1733391960000,2024-12-05T09:46:00Z,1573-1-1-00002,,device_not_recording
1733392020000,2024-12-05T09:47:00Z,1573-1-1-00002,,device_not_recording
1733392080000,2024-12-05T09:48:00Z,1573-1-1-00002,,device_not_recording
1733392140000,2024-12-05T09:49:00Z,1573-1-1-00002,,device_not_recording
1733392200000,2024-12-05T09:50:00Z,1573-1-1-00002,,device_not_recording
1733392260000,2024-12-05T09:51:00Z,1573-1-1-00002,,device_not_recording
1733392320000,2024-12-05T09:52:00Z,1573-1-1-00002,,device_not_recording
1733392380000,2024-12-05T09:53:00Z,1573-1-1-00002,,device_not_recording
1733392440000,2024-12-05T09:54:00Z,1573-1-1-00002,,device_not_recording
1733392500000,2024-12-05T09:55:00Z,1573-1-1-00002,,device_not_recording
1733392560000,2024-12-05T09:56:00Z,1573-1-1-00002,,device_not_recording
1733392620000,2024-12-05T09:57:00Z,1573-1-1-00002,,device_not_recording
1733392680000,2024-12-05T09:58:00Z,1573-1-1-00002,,device_not_recording
1733392740000,2024-12-05T09:59:00Z,1573-1-1-00002,,device_not_recording
1733392800000,2024-12-05T10:00:00Z,1573-1-1-00002,,device_not_recording
1733392860000,2024-12-05T10:01:00Z,1573-1-1-00002,,device_not_recording
1733392920000,2024-12-05T10:02:00Z,1573-1-1-00002,,device_not_recording
1733392980000,2024-12-05T10:03:00Z,1573-1-1-00002,,device_not_recording
1733393040000,2024-12-05T10:04:00Z,1573-1-1-00002,,device_not_recording
1733393100000,2024-12-05T10:05:00Z,1573-1-1-00002,,device_not_recording
1733393160000,2024-12-05T10:06:00Z,1573-1-1-00002,,device_not_recording
1733393220000,2024-12-05T10:07:00Z,1573-1-1-00002,,device_not_recording
1733393280000,2024-12-05T10:08:00Z,1573-1-1-00002,,device_not_recording
1733393340000,2024-12-05T10:09:00Z,1573-1-1-00002,,device_not_recording
1733393400000,2024-12-05T10:10:00Z,1573-1-1-00002,,device_not_recording
1733393460000,2024-12-05T10:11:00Z,1573-1-1-00002,,device_not_recording
1733393520000,2024-12-05T10:12:00Z,1573-1-1-00002,,device_not_recording
1733393580000,2024-12-05T10:13:00Z,1573-1-1-00002,,device_not_recording
1733393640000,2024-12-05T10:14:00Z,1573-1-1-00002,,device_not_recording
1733393700000,2024-12-05T10:15:00Z,1573-1-1-00002,,device_not_recording
1733393760000,2024-12-05T10:16:00Z,1573-1-1-00002,,device_not_recording
1733393820000,2024-12-05T10:17:00Z,1573-1-1-00002,,device_not_recording
1733393880000,2024-12-05T10:18:00Z,1573-1-1-00002,,device_not_recording
1733393940000,2024-12-05T10:19:00Z,1573-1-1-00002,,device_not_recording
1733394000000,2024-12-05T10:20:00Z,1573-1-1-00002,,device_not_recording
1733394060000,2024-12-05T10:21:00Z,1573-1-1-00002,,device_not_recording
1733394120000,2024-12-05T10:22:00Z,1573-1-1-00002,,device_not_recording
1733394180000,2024-12-05T10:23:00Z,1573-1-1-00002,,device_not_recording
1733394240000,2024-12-05T10:24:00Z,1573-1-1-00002,,device_not_recording
1733394300000,2024-12-05T10:25:00Z,1573-1-1-00002,,device_not_recording
1733394360000,2024-12-05T10:26:00Z,1573-1-1-00002,,device_not_recording
1733394420000,2024-12-05T10:27:00Z,1573-1-1-00002,,device_not_recording
1733394480000,2024-12-05T10:28:00Z,1573-1-1-00002,,device_not_recording
1733394540000,2024-12-05T10:29:00Z,1573-1-1-00002,,device_not_recording
1733394600000,2024-12-05T10:30:00Z,1573-1-1-00002,,device_not_recording
1733394660000,2024-12-05T10:31:00Z,1573-1-1-00002,,device_not_recording
1733394720000,2024-12-05T10:32:00Z,1573-1-1-00002,,device_not_recording
1733394780000,2024-12-05T10:33:00Z,1573-1-1-00002,,device_not_recording
1733394840000,2024-12-05T10:34:00Z,1573-1-1-00002,,device_not_recording
1733394900000,2024-12-05T10:35:00Z,1573-1-1-00002,,device_not_recording
1733394960000,2024-12-05T10:36:00Z,1573-1-1-00002,,device_not_recording
1733395020000,2024-12-05T10:37:00Z,1573-1-1-00002,,device_not_recording
1733395080000,2024-12-05T10:38:00Z,1573-1-1-00002,,device_not_recording
1733395140000,2024-12-05T10:39:00Z,1573-1-1-00002,,device_not_recording
1733395200000,2024-12-05T10:40:00Z,1573-1-1-00002,,device_not_recording
1733395260000,2024-12-05T10:41:00Z,1573-1-1-00002,,device_not_recording
1733395320000,2024-12-05T10:42:00Z,1573-1-1-00002,,device_not_recording
1733395380000,2024-12-05T10:43:00Z,1573-1-1-00002,,device_not_recording
1733395440000,2024-12-05T10:44:00Z,1573-1-1-00002,,device_not_recording
1733395500000,2024-12-05T10:45:00Z,1573-1-1-00002,,device_not_recording
1733395560000,2024-12-05T10:46:00Z,1573-1-1-00002,,device_not_recording
1733395620000,2024-12-05T10:47:00Z,1573-1-1-00002,,device_not_recording
1733395680000,2024-12-05T10:48:00Z,1573-1-1-00002,,device_not_recording
1733395740000,2024-12-05T10:49:00Z,1573-1-1-00002,,device_not_recording
1733395800000,2024-12-05T10:50:00Z,1573-1-1-00002,,device_not_recording
1733395860000,2024-12-05T10:51:00Z,1573-1-1-00002,,device_not_recording
1733395920000,2024-12-05T10:52:00Z,1573-1-1-00002,,device_not_recording
1733395980000,2024-12-05T10:53:00Z,1573-1-1-00002,,device_not_recording
1733396040000,2024-12-05T10:54:00Z,1573-1-1-00002,,device_not_recording
1733396100000,2024-12-05T10:55:00Z,1573-1-1-00002,,device_not_recording
1733396160000,2024-12-05T10:56:00Z,1573-1-1-00002,,device_not_recording
1733396220000,2024-12-05T10:57:00Z,1573-1-1-00002,,device_not_recording
1733396280000,2024-12-05T10:58:00Z,1573-1-1-00002,,device_not_recording
1733396340000,2024-12-05T10:59:00Z,1573-1-1-00002,,device_not_recording
1733396400000,2024-12-05T11:00:00Z,1573-1-1-00002,,device_not_recording
1733396460000,2024-12-05T11:01:00Z,1573-1-1-00002,,device_not_recording
1733396520000,2024-12-05T11:02:00Z,1573-1-1-00002,,device_not_recording
1733396580000,2024-12-05T11:03:00Z,1573-1-1-00002,,device_not_recording
1733396640000,2024-12-05T11:04:00Z,1573-1-1-00002,,device_not_recording
1733396700000,2024-12-05T11:05:00Z,1573-1-1-00002,,device_not_recording
1733396760000,2024-12-05T11:06:00Z,1573-1-1-00002,,device_not_recording
1733396820000,2024-12-05T11:07:00Z,1573-1-1-00002,,device_not_recording
1733396880000,2024-12-05T11:08:00Z,1573-1-1-00002,,device_not_recording
1733396940000,2024-12-05T11:09:00Z,1573-1-1-00002,,device_not_recording
1733397000000,2024-12-05T11:10:00Z,1573-1-1-00002,,device_not_recording
1733397060000,2024-12-05T11:11:00Z,1573-1-1-00002,,device_not_recording
1733397120000,2024-12-05T11:12:00Z,1573-1-1-00002,,device_not_recording
1733397180000,2024-12-05T11:13:00Z,1573-1-1-00002,,device_not_recording
1733397240000,2024-12-05T11:14:00Z,1573-1-1-00002,,device_not_recording
1733397300000,2024-12-05T11:15:00Z,1573-1-1-00002,,device_not_recording
1733397360000,2024-12-05T11:16:00Z,1573-1-1-00002,,device_not_recording
1733397420000,2024-12-05T11:17:00Z,1573-1-1-00002,,device_not_recording
1733397480000,2024-12-05T11:18:00Z,1573-1-1-00002,,device_not_recording
1733397540000,2024-12-05T11:19:00Z,1573-1-1-00002,,device_not_recording
1733397600000,2024-12-05T11:20:00Z,1573-1-1-00002,,device_not_recording
1733397660000,2024-12-05T11:21:00Z,1573-1-1-00002,,device_not_recording
1733397720000,2024-12-05T11:22:00Z,1573-1-1-00002,,device_not_recording
1733397780000,2024-12-05T11:23:00Z,1573-1-1-00002,,device_not_recording
1733397840000,2024-12-05T11:24:00Z,1573-1-1-00002,,device_not_recording
1733397900000,2024-12-05T11:25:00Z,1573-1-1-00002,,device_not_recording
1733397960000,2024-12-05T11:26:00Z,1573-1-1-00002,,device_not_recording
1733398020000,2024-12-05T11:27:00Z,1573-1-1-00002,,device_not_recording
1733398080000,2024-12-05T11:28:00Z,1573-1-1-00002,,device_not_recording
1733398140000,2024-12-05T11:29:00Z,1573-1-1-00002,,device_not_recording
1733398200000,2024-12-05T11:30:00Z,1573-1-1-00002,,device_not_recording
1733398260000,2024-12-05T11:31:00Z,1573-1-1-00002,,device_not_recording
1733398320000,2024-12-05T11:32:00Z,1573-1-1-00002,,device_not_recording
1733398380000,2024-12-05T11:33:00Z,1573-1-1-00002,,device_not_recording
1733398440000,2024-12-05T11:34:00Z,1573-1-1-00002,,device_not_recording
1733398500000,2024-12-05T11:35:00Z,1573-1-1-00002,,device_not_recording
1733398560000,2024-12-05T11:36:00Z,1573-1-1-00002,,device_not_recording
1733398620000,2024-12-05T11:37:00Z,1573-1-1-00002,,device_not_recording
1733398680000,2024-12-05T11:38:00Z,1573-1-1-00002,,device_not_recording
1733398740000,2024-12-05T11:39:00Z,1573-1-1-00002,,device_not_recording
1733398800000,2024-12-05T11:40:00Z,1573-1-1-00002,,device_not_recording
1733398860000,2024-12-05T11:41:00Z,1573-1-1-00002,,device_not_recording
1733398920000,2024-12-05T11:42:00Z,1573-1-1-00002,,device_not_recording
1733398980000,2024-12-05T11:43:00Z,1573-1-1-00002,,device_not_recording
1733399040000,2024-12-05T11:44:00Z,1573-1-1-00002,,device_not_recording
1733399100000,2024-12-05T11:45:00Z,1573-1-1-00002,,device_not_recording
1733399160000,2024-12-05T11:46:00Z,1573-1-1-00002,,device_not_recording
1733399220000,2024-12-05T11:47:00Z,1573-1-1-00002,,device_not_recording
1733399280000,2024-12-05T11:48:00Z,1573-1-1-00002,,device_not_recording
1733399340000,2024-12-05T11:49:00Z,1573-1-1-00002,,device_not_recording
1733399400000,2024-12-05T11:50:00Z,1573-1-1-00002,,device_not_recording
1733399460000,2024-12-05T11:51:00Z,1573-1-1-00002,,device_not_recording
1733399520000,2024-12-05T11:52:00Z,1573-1-1-00002,,device_not_recording
1733399580000,2024-12-05T11:53:00Z,1573-1-1-00002,,device_not_recording
1733399640000,2024-12-05T11:54:00Z,1573-1-1-00002,,device_not_recording
1733399700000,2024-12-05T11:55:00Z,1573-1-1-00002,,device_not_recording
1733399760000,2024-12-05T11:56:00Z,1573-1-1-00002,,device_not_recording
1733399820000,2024-12-05T11:57:00Z,1573-1-1-00002,,device_not_recording
1733399880000,2024-12-05T11:58:00Z,1573-1-1-00002,,device_not_recording
1733399940000,2024-12-05T11:59:00Z,1573-1-1-00002,,device_not_recording
1733400000000,2024-12-05T12:00:00Z,1573-1-1-00002,,device_not_recording
1733400060000,2024-12-05T12:01:00Z,1573-1-1-00002,,device_not_recording
1733400120000,2024-12-05T12:02:00Z,1573-1-1-00002,,device_not_recording
1733400180000,2024-12-05T12:03:00Z,1573-1-1-00002,,device_not_recording
1733400240000,2024-12-05T12:04:00Z,1573-1-1-00002,,device_not_recording
1733400300000,2024-12-05T12:05:00Z,1573-1-1-00002,,device_not_recording
1733400360000,2024-12-05T12:06:00Z,1573-1-1-00002,,device_not_recording
1733400420000,2024-12-05T12:07:00Z,1573-1-1-00002,,device_not_recording
1733400480000,2024-12-05T12:08:00Z,1573-1-1-00002,,device_not_recording
1733400540000,2024-12-05T12:09:00Z,1573-1-1-00002,,device_not_recording
1733400600000,2024-12-05T12:10:00Z,1573-1-1-00002,,device_not_recording
1733400660000,2024-12-05T12:11:00Z,1573-1-1-00002,,device_not_recording
1733400720000,2024-12-05T12:12:00Z,1573-1-1-00002,,device_not_recording
1733400780000,2024-12-05T12:13:00Z,1573-1-1-00002,,device_not_recording
1733400840000,2024-12-05T12:14:00Z,1573-1-1-00002,,device_not_recording
1733400900000,2024-12-05T12:15:00Z,1573-1-1-00002,,device_not_recording
1733400960000,2024-12-05T12:16:00Z,1573-1-1-00002,,device_not_recording
1733401020000,2024-12-05T12:17:00Z,1573-1-1-00002,,device_not_recording
1733401080000,2024-12-05T12:18:00Z,1573-1-1-00002,,device_not_recording
1733401140000,2024-12-05T12:19:00Z,1573-1-1-00002,,device_not_recording
1733401200000,2024-12-05T12:20:00Z,1573-1-1-00002,,device_not_recording
1733401260000,2024-12-05T12:21:00Z,1573-1-1-00002,,device_not_recording
1733401320000,2024-12-05T12:22:00Z,1573-1-1-00002,,device_not_recording
1733401380000,2024-12-05T12:23:00Z,1573-1-1-00002,,device_not_recording
1733401440000,2024-12-05T12:24:00Z,1573-1-1-00002,,device_not_recording
1733401500000,2024-12-05T12:25:00Z,1573-1-1-00002,,device_not_recording
1733401560000,2024-12-05T12:26:00Z,1573-1-1-00002,,device_not_recording
1733401620000,2024-12-05T12:27:00Z,1573-1-1-00002,,device_not_recording
1733401680000,2024-12-05T12:28:00Z,1573-1-1-00002,,device_not_recording
1733401740000,2024-12-05T12:29:00Z,1573-1-1-00002,,device_not_recording
1733401800000,2024-12-05T12:30:00Z,1573-1-1-00002,,device_not_recording
1733401860000,2024-12-05T12:31:00Z,1573-1-1-00002,,device_not_recording
1733401920000,2024-12-05T12:32:00Z,1573-1-1-00002,,device_not_recording
1733401980000,2024-12-05T12:33:00Z,1573-1-1-00002,,device_not_recording
1733402040000,2024-12-05T12:34:00Z,1573-1-1-00002,,device_not_recording
1733402100000,2024-12-05T12:35:00Z,1573-1-1-00002,,device_not_recording
1733402160000,2024-12-05T12:36:00Z,1573-1-1-00002,,device_not_recording
1733402220000,2024-12-05T12:37:00Z,1573-1-1-00002,,device_not_recording
1733402280000,2024-12-05T12:38:00Z,1573-1-1-00002,,device_not_recording
1733402340000,2024-12-05T12:39:00Z,1573-1-1-00002,,device_not_recording
1733402400000,2024-12-05T12:40:00Z,1573-1-1-00002,,device_not_recording
1733402460000,2024-12-05T12:41:00Z,1573-1-1-00002,,device_not_recording
1733402520000,2024-12-05T12:42:00Z,1573-1-1-00002,,device_not_recording
1733402580000,2024-12-05T12:43:00Z,1573-1-1-00002,,device_not_recording
1733402640000,2024-12-05T12:44:00Z,1573-1-1-00002,,device_not_recording
1733402700000,2024-12-05T12:45:00Z,1573-1-1-00002,,device_not_recording
1733402760000,2024-12-05T12:46:00Z,1573-1-1-00002,,device_not_recording
1733402820000,2024-12-05T12:47:00Z,1573-1-1-00002,,device_not_recording
1733402880000,2024-12-05T12:48:00Z,1573-1-1-00002,,device_not_recording
1733402940000,2024-12-05T12:49:00Z,1573-1-1-00002,,device_not_recording
1733403000000,2024-12-05T12:50:00Z,1573-1-1-00002,,device_not_recording
1733403060000,2024-12-05T12:51:00Z,1573-1-1-00002,,device_not_recording
1733403120000,2024-12-05T12:52:00Z,1573-1-1-00002,,device_not_recording
1733403180000,2024-12-05T12:53:00Z,1573-1-1-00002,,device_not_recording
1733403240000,2024-12-05T12:54:00Z,1573-1-1-00002,,device_not_recording
1733403300000,2024-12-05T12:55:00Z,1573-1-1-00002,,device_not_recording
1733403360000,2024-12-05T12:56:00Z,1573-1-1-00002,,device_not_recording
1733403420000,2024-12-05T12:57:00Z,1573-1-1-00002,,device_not_recording
1733403480000,2024-12-05T12:58:00Z,1573-1-1-00002,,device_not_recording
1733403540000,2024-12-05T12:59:00Z,1573-1-1-00002,,device_not_recording
1733403600000,2024-12-05T13:00:00Z,1573-1-1-00002,,device_not_recording
1733403660000,2024-12-05T13:01:00Z,1573-1-1-00002,,device_not_recording
1733403720000,2024-12-05T13:02:00Z,1573-1-1-00002,,device_not_recording
1733403780000,2024-12-05T13:03:00Z,1573-1-1-00002,,device_not_recording
1733403840000,2024-12-05T13:04:00Z,1573-1-1-00002,,device_not_recording
1733403900000,2024-12-05T13:05:00Z,1573-1-1-00002,,device_not_recording
1733403960000,2024-12-05T13:06:00Z,1573-1-1-00002,,device_not_recording
1733404020000,2024-12-05T13:07:00Z,1573-1-1-00002,,device_not_recording
1733404080000,2024-12-05T13:08:00Z,1573-1-1-00002,,device_not_recording
1733404140000,2024-12-05T13:09:00Z,1573-1-1-00002,,device_not_recording
1733404200000,2024-12-05T13:10:00Z,1573-1-1-00002,,device_not_recording
1733404260000,2024-12-05T13:11:00Z,1573-1-1-00002,,device_not_recording
1733404320000,2024-12-05T13:12:00Z,1573-1-1-00002,,device_not_recording
1733404380000,2024-12-05T13:13:00Z,1573-1-1-00002,,device_not_recording
1733404440000,2024-12-05T13:14:00Z,1573-1-1-00002,,device_not_recording
1733404500000,2024-12-05T13:15:00Z,1573-1-1-00002,,device_not_recording
1733404560000,2024-12-05T13:16:00Z,1573-1-1-00002,,device_not_recording
1733404620000,2024-12-05T13:17:00Z,1573-1-1-00002,,device_not_recording
1733404680000,2024-12-05T13:18:00Z,1573-1-1-00002,,device_not_recording
1733404740000,2024-12-05T13:19:00Z,1573-1-1-00002,,device_not_recording
1733404800000,2024-12-05T13:20:00Z,1573-1-1-00002,,device_not_recording
1733404860000,2024-12-05T13:21:00Z,1573-1-1-00002,,device_not_recording
1733404920000,2024-12-05T13:22:00Z,1573-1-1-00002,,device_not_recording
1733404980000,2024-12-05T13:23:00Z,1573-1-1-00002,,device_not_recording
1733405040000,2024-12-05T13:24:00Z,1573-1-1-00002,,device_not_recording
1733405100000,2024-12-05T13:25:00Z,1573-1-1-00002,,device_not_recording
1733405160000,2024-12-05T13:26:00Z,1573-1-1-00002,,device_not_recording
1733405220000,2024-12-05T13:27:00Z,1573-1-1-00002,,device_not_recording
1733405280000,2024-12-05T13:28:00Z,1573-1-1-00002,,device_not_recording
1733405340000,2024-12-05T13:29:00Z,1573-1-1-00002,,device_not_recording
1733405400000,2024-12-05T13:30:00Z,1573-1-1-00002,,device_not_recording
1733405460000,2024-12-05T13:31:00Z,1573-1-1-00002,,device_not_recording
1733405520000,2024-12-05T13:32:00Z,1573-1-1-00002,,device_not_recording
1733405580000,2024-12-05T13:33:00Z,1573-1-1-00002,,device_not_recording
1733405640000,2024-12-05T13:34:00Z,1573-1-1-00002,,device_not_recording
1733405700000,2024-12-05T13:35:00Z,1573-1-1-00002,,device_not_recording
1733405760000,2024-12-05T13:36:00Z,1573-1-1-00002,,device_not_recording
1733405820000,2024-12-05T13:37:00Z,1573-1-1-00002,,device_not_recording
1733405880000,2024-12-05T13:38:00Z,1573-1-1-00002,,device_not_recording
1733405940000,2024-12-05T13:39:00Z,1573-1-1-00002,,device_not_recording
1733406000000,2024-12-05T13:40:00Z,1573-1-1-00002,,device_not_recording
1733406060000,2024-12-05T13:41:00Z,1573-1-1-00002,,device_not_recording
1733406120000,2024-12-05T13:42:00Z,1573-1-1-00002,,device_not_recording
1733406180000,2024-12-05T13:43:00Z,1573-1-1-00002,,device_not_recording
1733406240000,2024-12-05T13:44:00Z,1573-1-1-00002,,device_not_recording
1733406300000,2024-12-05T13:45:00Z,1573-1-1-00002,,device_not_recording
1733406360000,2024-12-05T13:46:00Z,1573-1-1-00002,,device_not_recording
1733406420000,2024-12-05T13:47:00Z,1573-1-1-00002,,device_not_recording
1733406480000,2024-12-05T13:48:00Z,1573-1-1-00002,,device_not_recording
1733406540000,2024-12-05T13:49:00Z,1573-1-1-00002,,device_not_recording
1733406600000,2024-12-05T13:50:00Z,1573-1-1-00002,,device_not_recording
1733406660000,2024-12-05T13:51:00Z,1573-1-1-00002,,device_not_recording
1733406720000,2024-12-05T13:52:00Z,1573-1-1-00002,,device_not_recording
1733406780000,2024-12-05T13:53:00Z,1573-1-1-00002,,device_not_recording
1733406840000,2024-12-05T13:54:00Z,1573-1-1-00002,,device_not_recording
1733406900000,2024-12-05T13:55:00Z,1573-1-1-00002,,device_not_recording
1733406960000,2024-12-05T13:56:00Z,1573-1-1-00002,,device_not_recording
1733407020000,2024-12-05T13:57:00Z,1573-1-1-00002,,device_not_recording
1733407080000,2024-12-05T13:58:00Z,1573-1-1-00002,,device_not_recording
1733407140000,2024-12-05T13:59:00Z,1573-1-1-00002,,device_not_recording
1733407200000,2024-12-05T14:00:00Z,1573-1-1-00002,,device_not_recording
1733407260000,2024-12-05T14:01:00Z,1573-1-1-00002,,device_not_recording
1733407320000,2024-12-05T14:02:00Z,1573-1-1-00002,,device_not_recording
1733407380000,2024-12-05T14:03:00Z,1573-1-1-00002,,device_not_recording
1733407440000,2024-12-05T14:04:00Z,1573-1-1-00002,,device_not_recording
1733407500000,2024-12-05T14:05:00Z,1573-1-1-00002,,device_not_recording
1733407560000,2024-12-05T14:06:00Z,1573-1-1-00002,,device_not_recording
1733407620000,2024-12-05T14:07:00Z,1573-1-1-00002,,device_not_recording
1733407680000,2024-12-05T14:08:00Z,1573-1-1-00002,,device_not_recording
1733407740000,2024-12-05T14:09:00Z,1573-1-1-00002,,device_not_recording
1733407800000,2024-12-05T14:10:00Z,1573-1-1-00002,,device_not_recording
1733407860000,2024-12-05T14:11:00Z,1573-1-1-00002,,device_not_recording
1733407920000,2024-12-05T14:12:00Z,1573-1-1-00002,,device_not_recording
1733407980000,2024-12-05T14:13:00Z,1573-1-1-00002,,device_not_recording
1733408040000,2024-12-05T14:14:00Z,1573-1-1-00002,,device_not_recording
1733408100000,2024-12-05T14:15:00Z,1573-1-1-00002,,device_not_recording
1733408160000,2024-12-05T14:16:00Z,1573-1-1-00002,,device_not_recording
1733408220000,2024-12-05T14:17:00Z,1573-1-1-00002,,device_not_recording
1733408280000,2024-12-05T14:18:00Z,1573-1-1-00002,,device_not_recording
1733408340000,2024-12-05T14:19:00Z,1573-1-1-00002,,device_not_recording
1733408400000,2024-12-05T14:20:00Z,1573-1-1-00002,,device_not_recording
1733408460000,2024-12-05T14:21:00Z,1573-1-1-00002,,device_not_recording
1733408520000,2024-12-05T14:22:00Z,1573-1-1-00002,,device_not_recording
1733408580000,2024-12-05T14:23:00Z,1573-1-1-00002,,device_not_recording
1733408640000,2024-12-05T14:24:00Z,1573-1-1-00002,,device_not_recording
1733408700000,2024-12-05T14:25:00Z,1573-1-1-00002,,device_not_recording
1733408760000,2024-12-05T14:26:00Z,1573-1-1-00002,,device_not_recording
1733408820000,2024-12-05T14:27:00Z,1573-1-1-00002,,device_not_recording
1733408880000,2024-12-05T14:28:00Z,1573-1-1-00002,,device_not_recording
1733408940000,2024-12-05T14:29:00Z,1573-1-1-00002,,device_not_recording
1733409000000,2024-12-05T14:30:00Z,1573-1-1-00002,,device_not_recording
1733409060000,2024-12-05T14:31:00Z,1573-1-1-00002,,device_not_recording
1733409120000,2024-12-05T14:32:00Z,1573-1-1-00002,,device_not_recording
1733409180000,2024-12-05T14:33:00Z,1573-1-1-00002,,device_not_recording
1733409240000,2024-12-05T14:34:00Z,1573-1-1-00002,,device_not_recording
1733409300000,2024-12-05T14:35:00Z,1573-1-1-00002,,device_not_recording
1733409360000,2024-12-05T14:36:00Z,1573-1-1-00002,,device_not_recording
1733409420000,2024-12-05T14:37:00Z,1573-1-1-00002,,device_not_recording
1733409480000,2024-12-05T14:38:00Z,1573-1-1-00002,,device_not_recording
1733409540000,2024-12-05T14:39:00Z,1573-1-1-00002,,device_not_recording
1733409600000,2024-12-05T14:40:00Z,1573-1-1-00002,,device_not_recording
1733409660000,2024-12-05T14:41:00Z,1573-1-1-00002,,device_not_recording
1733409720000,2024-12-05T14:42:00Z,1573-1-1-00002,,device_not_recording
1733409780000,2024-12-05T14:43:00Z,1573-1-1-00002,,device_not_recording
1733409840000,2024-12-05T14:44:00Z,1573-1-1-00002,,device_not_recording
1733409900000,2024-12-05T14:45:00Z,1573-1-1-00002,,device_not_recording
1733409960000,2024-12-05T14:46:00Z,1573-1-1-00002,,device_not_recording
1733410020000,2024-12-05T14:47:00Z,1573-1-1-00002,,device_not_recording
1733410080000,2024-12-05T14:48:00Z,1573-1-1-00002,,device_not_recording
1733410140000,2024-12-05T14:49:00Z,1573-1-1-00002,,device_not_recording
1733410200000,2024-12-05T14:50:00Z,1573-1-1-00002,,device_not_recording
1733410260000,2024-12-05T14:51:00Z,1573-1-1-00002,,device_not_recording
1733410320000,2024-12-05T14:52:00Z,1573-1-1-00002,,device_not_recording
1733410380000,2024-12-05T14:53:00Z,1573-1-1-00002,,device_not_recording
1733410440000,2024-12-05T14:54:00Z,1573-1-1-00002,,device_not_recording
1733410500000,2024-12-05T14:55:00Z,1573-1-1-00002,,device_not_recording
1733410560000,2024-12-05T14:56:00Z,1573-1-1-00002,,device_not_recording
1733410620000,2024-12-05T14:57:00Z,1573-1-1-00002,,device_not_recording
1733410680000,2024-12-05T14:58:00Z,1573-1-1-00002,,device_not_recording
1733410740000,2024-12-05T14:59:00Z,1573-1-1-00002,,device_not_recording
1733410800000,2024-12-05T15:00:00Z,1573-1-1-00002,,device_not_recording
1733410860000,2024-12-05T15:01:00Z,1573-1-1-00002,,device_not_recording
1733410920000,2024-12-05T15:02:00Z,1573-1-1-00002,,device_not_recording
1733410980000,2024-12-05T15:03:00Z,1573-1-1-00002,,device_not_recording
1733411040000,2024-12-05T15:04:00Z,1573-1-1-00002,,device_not_recording
1733411100000,2024-12-05T15:05:00Z,1573-1-1-00002,,device_not_recording
1733411160000,2024-12-05T15:06:00Z,1573-1-1-00002,,device_not_recording
1733411220000,2024-12-05T15:07:00Z,1573-1-1-00002,,device_not_recording
1733411280000,2024-12-05T15:08:00Z,1573-1-1-00002,,device_not_recording
1733411340000,2024-12-05T15:09:00Z,1573-1-1-00002,,device_not_recording
1733411400000,2024-12-05T15:10:00Z,1573-1-1-00002,,device_not_recording
1733411460000,2024-12-05T15:11:00Z,1573-1-1-00002,,device_not_recording
1733411520000,2024-12-05T15:12:00Z,1573-1-1-00002,,device_not_recording
1733411580000,2024-12-05T15:13:00Z,1573-1-1-00002,,device_not_recording
1733411640000,2024-12-05T15:14:00Z,1573-1-1-00002,,device_not_recording
1733411700000,2024-12-05T15:15:00Z,1573-1-1-00002,,device_not_recording
1733411760000,2024-12-05T15:16:00Z,1573-1-1-00002,,device_not_recording
1733411820000,2024-12-05T15:17:00Z,1573-1-1-00002,,device_not_recording
1733411880000,2024-12-05T15:18:00Z,1573-1-1-00002,,device_not_recording
1733411940000,2024-12-05T15:19:00Z,1573-1-1-00002,,device_not_recording
1733412000000,2024-12-05T15:20:00Z,1573-1-1-00002,,device_not_recording
1733412060000,2024-12-05T15:21:00Z,1573-1-1-00002,,device_not_recording
1733412120000,2024-12-05T15:22:00Z,1573-1-1-00002,,device_not_recording
1733412180000,2024-12-05T15:23:00Z,1573-1-1-00002,,device_not_recording
1733412240000,2024-12-05T15:24:00Z,1573-1-1-00002,,device_not_recording
1733412300000,2024-12-05T15:25:00Z,1573-1-1-00002,,device_not_recording
1733412360000,2024-12-05T15:26:00Z,1573-1-1-00002,,device_not_recording
1733412420000,2024-12-05T15:27:00Z,1573-1-1-00002,,device_not_recording
1733412480000,2024-12-05T15:28:00Z,1573-1-1-00002,,device_not_recording
1733412540000,2024-12-05T15:29:00Z,1573-1-1-00002,,device_not_recording
1733412600000,2024-12-05T15:30:00Z,1573-1-1-00002,,device_not_recording
1733412660000,2024-12-05T15:31:00Z,1573-1-1-00002,,device_not_recording
1733412720000,2024-12-05T15:32:00Z,1573-1-1-00002,,device_not_recording
1733412780000,2024-12-05T15:33:00Z,1573-1-1-00002,,device_not_recording
1733412840000,2024-12-05T15:34:00Z,1573-1-1-00002,,device_not_recording
1733412900000,2024-12-05T15:35:00Z,1573-1-1-00002,,device_not_recording
1733412960000,2024-12-05T15:36:00Z,1573-1-1-00002,,device_not_recording
1733413020000,2024-12-05T15:37:00Z,1573-1-1-00002,,device_not_recording
1733413080000,2024-12-05T15:38:00Z,1573-1-1-00002,100,
1733413140000,2024-12-05T15:39:00Z,1573-1-1-00002,100,
1733413200000,2024-12-05T15:40:00Z,1573-1-1-00002,100,
1733413260000,2024-12-05T15:41:00Z,1573-1-1-00002,100,
1733413320000,2024-12-05T15:42:00Z,1573-1-1-00002,100,
1733413380000,2024-12-05T15:43:00Z,1573-1-1-00002,,device_not_recording
1733413440000,2024-12-05T15:44:00Z,1573-1-1-00002,,device_not_recording
1733413500000,2024-12-05T15:45:00Z,1573-1-1-00002,,device_not_recording
1733413560000,2024-12-05T15:46:00Z,1573-1-1-00002,,device_not_recording
1733413620000,2024-12-05T15:47:00Z,1573-1-1-00002,,device_not_recording
1733413680000,2024-12-05T15:48:00Z,1573-1-1-00002,,device_not_recording
1733413740000,2024-12-05T15:49:00Z,1573-1-1-00002,,device_not_recording
1733413800000,2024-12-05T15:50:00Z,1573-1-1-00002,,device_not_recording
1733413860000,2024-12-05T15:51:00Z,1573-1-1-00002,,device_not_recording
1733413920000,2024-12-05T15:52:00Z,1573-1-1-00002,,device_not_recording
1733413980000,2024-12-05T15:53:00Z,1573-1-1-00002,,device_not_recording
1733414040000,2024-12-05T15:54:00Z,1573-1-1-00002,,device_not_recording
1733414100000,2024-12-05T15:55:00Z,1573-1-1-00002,,device_not_recording
1733414160000,2024-12-05T15:56:00Z,1573-1-1-00002,,device_not_recording
1733414220000,2024-12-05T15:57:00Z,1573-1-1-00002,,device_not_recording
1733414280000,2024-12-05T15:58:00Z,1573-1-1-00002,,device_not_recording
1733414340000,2024-12-05T15:59:00Z,1573-1-1-00002,,device_not_recording
1733414400000,2024-12-05T16:00:00Z,1573-1-1-00002,,device_not_recording
1733414460000,2024-12-05T16:01:00Z,1573-1-1-00002,,device_not_recording
1733414520000,2024-12-05T16:02:00Z,1573-1-1-00002,,device_not_recording
1733414580000,2024-12-05T16:03:00Z,1573-1-1-00002,,device_not_recording
1733414640000,2024-12-05T16:04:00Z,1573-1-1-00002,,device_not_recording
1733414700000,2024-12-05T16:05:00Z,1573-1-1-00002,,device_not_recording
1733414760000,2024-12-05T16:06:00Z,1573-1-1-00002,,device_not_recording
1733414820000,2024-12-05T16:07:00Z,1573-1-1-00002,,device_not_recording
1733414880000,2024-12-05T16:08:00Z,1573-1-1-00002,,device_not_recording
1733414940000,2024-12-05T16:09:00Z,1573-1-1-00002,,device_not_recording
1733415000000,2024-12-05T16:10:00Z,1573-1-1-00002,,device_not_recording
1733415060000,2024-12-05T16:11:00Z,1573-1-1-00002,,device_not_recording
1733415120000,2024-12-05T16:12:00Z,1573-1-1-00002,,device_not_recording
1733415180000,2024-12-05T16:13:00Z,1573-1-1-00002,,device_not_recording
1733415240000,2024-12-05T16:14:00Z,1573-1-1-00002,,device_not_recording
1733415300000,2024-12-05T16:15:00Z,1573-1-1-00002,0,
1733415360000,2024-12-05T16:16:00Z,1573-1-1-00002,0,
1733415420000,2024-12-05T16:17:00Z,1573-1-1-00002,0,
1733415480000,2024-12-05T16:18:00Z,1573-1-1-00002,0,
1733415540000,2024-12-05T16:19:00Z,1573-1-1-00002,0,
1733415600000,2024-12-05T16:20:00Z,1573-1-1-00002,0,
1733415660000,2024-12-05T16:21:00Z,1573-1-1-00002,0,
1733415720000,2024-12-05T16:22:00Z,1573-1-1-00002,0,
1733415780000,2024-12-05T16:23:00Z,1573-1-1-00002,0,
1733415840000,2024-12-05T16:24:00Z,1573-1-1-00002,0,
1733415900000,2024-12-05T16:25:00Z,1573-1-1-00002,0,
1733415960000,2024-12-05T16:26:00Z,1573-1-1-00002,0,
1733416020000,2024-12-05T16:27:00Z,1573-1-1-00002,0,
1733416080000,2024-12-05T16:28:00Z,1573-1-1-00002,0,
1733416140000,2024-12-05T16:29:00Z,1573-1-1-00002,0,
1733416200000,2024-12-05T16:30:00Z,1573-1-1-00002,0,
1733416260000,2024-12-05T16:31:00Z,1573-1-1-00002,0,
1733416320000,2024-12-05T16:32:00Z,1573-1-1-00002,0,
1733416380000,2024-12-05T16:33:00Z,1573-1-1-00002,0,
1733416440000,2024-12-05T16:34:00Z,1573-1-1-00002,0,
1733416500000,2024-12-05T16:35:00Z,1573-1-1-00002,0,
1733416560000,2024-12-05T16:36:00Z,1573-1-1-00002,0,
1733416620000,2024-12-05T16:37:00Z,1573-1-1-00002,0,
1733416680000,2024-12-05T16:38:00Z,1573-1-1-00002,0,
1733416740000,2024-12-05T16:39:00Z,1573-1-1-00002,0,
1733416800000,2024-12-05T16:40:00Z,1573-1-1-00002,0,
1733416860000,2024-12-05T16:41:00Z,1573-1-1-00002,0,
1733416920000,2024-12-05T16:42:00Z,1573-1-1-00002,0,
1733416980000,2024-12-05T16:43:00Z,1573-1-1-00002,0,
1733417040000,2024-12-05T16:44:00Z,1573-1-1-00002,0,
1733417100000,2024-12-05T16:45:00Z,1573-1-1-00002,0,
1733417160000,2024-12-05T16:46:00Z,1573-1-1-00002,0,
1733417220000,2024-12-05T16:47:00Z,1573-1-1-00002,0,
1733417280000,2024-12-05T16:48:00Z,1573-1-1-00002,0,
1733417340000,2024-12-05T16:49:00Z,1573-1-1-00002,0,
1733417400000,2024-12-05T16:50:00Z,1573-1-1-00002,0,
1733417460000,2024-12-05T16:51:00Z,1573-1-1-00002,0,
1733417520000,2024-12-05T16:52:00Z,1573-1-1-00002,0,
1733417580000,2024-12-05T16:53:00Z,1573-1-1-00002,0,
1733417640000,2024-12-05T16:54:00Z,1573-1-1-00002,0,
1733417700000,2024-12-05T16:55:00Z,1573-1-1-00002,0,
1733417760000,2024-12-05T16:56:00Z,1573-1-1-00002,0,
1733417820000,2024-12-05T16:57:00Z,1573-1-1-00002,0,
1733417880000,2024-12-05T16:58:00Z,1573-1-1-00002,0,
1733417940000,2024-12-05T16:59:00Z,1573-1-1-00002,0,
1733418000000,2024-12-05T17:00:00Z,1573-1-1-00002,0,
1733418060000,2024-12-05T17:01:00Z,1573-1-1-00002,0,
1733418120000,2024-12-05T17:02:00Z,1573-1-1-00002,0,
1733418180000,2024-12-05T17:03:00Z,1573-1-1-00002,0,
1733418240000,2024-12-05T17:04:00Z,1573-1-1-00002,0,
1733418300000,2024-12-05T17:05:00Z,1573-1-1-00002,0,
1733418360000,2024-12-05T17:06:00Z,1573-1-1-00002,0,
1733418420000,2024-12-05T17:07:00Z,1573-1-1-00002,0,
1733418480000,2024-12-05T17:08:00Z,1573-1-1-00002,0,
1733418540000,2024-12-05T17:09:00Z,1573-1-1-00002,0,
1733418600000,2024-12-05T17:10:00Z,1573-1-1-00002,0,
1733418660000,2024-12-05T17:11:00Z,1573-1-1-00002,0,
1733418720000,2024-12-05T17:12:00Z,1573-1-1-00002,0,
1733418780000,2024-12-05T17:13:00Z,1573-1-1-00002,0,
1733418840000,2024-12-05T17:14:00Z,1573-1-1-00002,0,
1733418900000,2024-12-05T17:15:00Z,1573-1-1-00002,0,
1733418960000,2024-12-05T17:16:00Z,1573-1-1-00002,0,
1733419020000,2024-12-05T17:17:00Z,1573-1-1-00002,0,
1733419080000,2024-12-05T17:18:00Z,1573-1-1-00002,0,
1733419140000,2024-12-05T17:19:00Z,1573-1-1-00002,0,
1733419200000,2024-12-05T17:20:00Z,1573-1-1-00002,0,
1733419260000,2024-12-05T17:21:00Z,1573-1-1-00002,0,
1733419320000,2024-12-05T17:22:00Z,1573-1-1-00002,0,
1733419380000,2024-12-05T17:23:00Z,1573-1-1-00002,0,
1733419440000,2024-12-05T17:24:00Z,1573-1-1-00002,0,
1733419500000,2024-12-05T17:25:00Z,1573-1-1-00002,0,
1733419560000,2024-12-05T17:26:00Z,1573-1-1-00002,0,
1733419620000,2024-12-05T17:27:00Z,1573-1-1-00002,0,
1733419680000,2024-12-05T17:28:00Z,1573-1-1-00002,0,
1733419740000,2024-12-05T17:29:00Z,1573-1-1-00002,0,
1733419800000,2024-12-05T17:30:00Z,1573-1-1-00002,0,
1733419860000,2024-12-05T17:31:00Z,1573-1-1-00002,0,
1733419920000,2024-12-05T17:32:00Z,1573-1-1-00002,0,
1733419980000,2024-12-05T17:33:00Z,1573-1-1-00002,0,
1733420040000,2024-12-05T17:34:00Z,1573-1-1-00002,0,
1733420100000,2024-12-05T17:35:00Z,1573-1-1-00002,0,
1733420160000,2024-12-05T17:36:00Z,1573-1-1-00002,0,
1733420220000,2024-12-05T17:37:00Z,1573-1-1-00002,0,
1733420280000,2024-12-05T17:38:00Z,1573-1-1-00002,0,
1733420340000,2024-12-05T17:39:00Z,1573-1-1-00002,0,
1733420400000,2024-12-05T17:40:00Z,1573-1-1-00002,0,
1733420460000,2024-12-05T17:41:00Z,1573-1-1-00002,0,
1733420520000,2024-12-05T17:42:00Z,1573-1-1-00002,0,
1733420580000,2024-12-05T17:43:00Z,1573-1-1-00002,0,
1733420640000,2024-12-05T17:44:00Z,1573-1-1-00002,0,
1733420700000,2024-12-05T17:45:00Z,1573-1-1-00002,0,
1733420760000,2024-12-05T17:46:00Z,1573-1-1-00002,0,
1733420820000,2024-12-05T17:47:00Z,1573-1-1-00002,0,
1733420880000,2024-12-05T17:48:00Z,1573-1-1-00002,0,
1733420940000,2024-12-05T17:49:00Z,1573-1-1-00002,0,
1733421000000,2024-12-05T17:50:00Z,1573-1-1-00002,0,
1733421060000,2024-12-05T17:51:00Z,1573-1-1-00002,0,
1733421120000,2024-12-05T17:52:00Z,1573-1-1-00002,0,
1733421180000,2024-12-05T17:53:00Z,1573-1-1-00002,0,
1733421240000,2024-12-05T17:54:00Z,1573-1-1-00002,0,
1733421300000,2024-12-05T17:55:00Z,1573-1-1-00002,0,
1733421360000,2024-12-05T17:56:00Z,1573-1-1-00002,0,
1733421420000,2024-12-05T17:57:00Z,1573-1-1-00002,0,
1733421480000,2024-12-05T17:58:00Z,1573-1-1-00002,0,
1733421540000,2024-12-05T17:59:00Z,1573-1-1-00002,0,
1733421600000,2024-12-05T18:00:00Z,1573-1-1-00002,0,
1733421660000,2024-12-05T18:01:00Z,1573-1-1-00002,0,
1733421720000,2024-12-05T18:02:00Z,1573-1-1-00002,0,
1733421780000,2024-12-05T18:03:00Z,1573-1-1-00002,0,
1733421840000,2024-12-05T18:04:00Z,1573-1-1-00002,0,
1733421900000,2024-12-05T18:05:00Z,1573-1-1-00002,0,
1733421960000,2024-12-05T18:06:00Z,1573-1-1-00002,0,
1733422020000,2024-12-05T18:07:00Z,1573-1-1-00002,0,
1733422080000,2024-12-05T18:08:00Z,1573-1-1-00002,0,
1733422140000,2024-12-05T18:09:00Z,1573-1-1-00002,0,
1733422200000,2024-12-05T18:10:00Z,1573-1-1-00002,0,
1733422260000,2024-12-05T18:11:00Z,1573-1-1-00002,0,
1733422320000,2024-12-05T18:12:00Z,1573-1-1-00002,0,
1733422380000,2024-12-05T18:13:00Z,1573-1-1-00002,0,
1733422440000,2024-12-05T18:14:00Z,1573-1-1-00002,0,
1733422500000,2024-12-05T18:15:00Z,1573-1-1-00002,0,
1733422560000,2024-12-05T18:16:00Z,1573-1-1-00002,0,
1733422620000,2024-12-05T18:17:00Z,1573-1-1-00002,0,
1733422680000,2024-12-05T18:18:00Z,1573-1-1-00002,0,
1733422740000,2024-12-05T18:19:00Z,1573-1-1-00002,0,
1733422800000,2024-12-05T18:20:00Z,1573-1-1-00002,0,
1733422860000,2024-12-05T18:21:00Z,1573-1-1-00002,0,
1733422920000,2024-12-05T18:22:00Z,1573-1-1-00002,0,
1733422980000,2024-12-05T18:23:00Z,1573-1-1-00002,0,
1733423040000,2024-12-05T18:24:00Z,1573-1-1-00002,0,
1733423100000,2024-12-05T18:25:00Z,1573-1-1-00002,0,
1733423160000,2024-12-05T18:26:00Z,1573-1-1-00002,0,
1733423220000,2024-12-05T18:27:00Z,1573-1-1-00002,0,
1733423280000,2024-12-05T18:28:00Z,1573-1-1-00002,0,
1733423340000,2024-12-05T18:29:00Z,1573-1-1-00002,0,
1733423400000,2024-12-05T18:30:00Z,1573-1-1-00002,0,
1733423460000,2024-12-05T18:31:00Z,1573-1-1-00002,0,
1733423520000,2024-12-05T18:32:00Z,1573-1-1-00002,0,
1733423580000,2024-12-05T18:33:00Z,1573-1-1-00002,0,
1733423640000,2024-12-05T18:34:00Z,1573-1-1-00002,0,
1733423700000,2024-12-05T18:35:00Z,1573-1-1-00002,0,
1733423760000,2024-12-05T18:36:00Z,1573-1-1-00002,0,
1733423820000,2024-12-05T18:37:00Z,1573-1-1-00002,0,
1733423880000,2024-12-05T18:38:00Z,1573-1-1-00002,0,
1733423940000,2024-12-05T18:39:00Z,1573-1-1-00002,0,
1733424000000,2024-12-05T18:40:00Z,1573-1-1-00002,0,
1733424060000,2024-12-05T18:41:00Z,1573-1-1-00002,0,
1733424120000,2024-12-05T18:42:00Z,1573-1-1-00002,0,
1733424180000,2024-12-05T18:43:00Z,1573-1-1-00002,0,
1733424240000,2024-12-05T18:44:00Z,1573-1-1-00002,0,
1733424300000,2024-12-05T18:45:00Z,1573-1-1-00002,0,
1733424360000,2024-12-05T18:46:00Z,1573-1-1-00002,0,
1733424420000,2024-12-05T18:47:00Z,1573-1-1-00002,0,
1733424480000,2024-12-05T18:48:00Z,1573-1-1-00002,0,
1733424540000,2024-12-05T18:49:00Z,1573-1-1-00002,0,
1733424600000,2024-12-05T18:50:00Z,1573-1-1-00002,0,
1733424660000,2024-12-05T18:51:00Z,1573-1-1-00002,0,
1733424720000,2024-12-05T18:52:00Z,1573-1-1-00002,0,
1733424780000,2024-12-05T18:53:00Z,1573-1-1-00002,0,
1733424840000,2024-12-05T18:54:00Z,1573-1-1-00002,0,
1733424900000,2024-12-05T18:55:00Z,1573-1-1-00002,0,
1733424960000,2024-12-05T18:56:00Z,1573-1-1-00002,0,
1733425020000,2024-12-05T18:57:00Z,1573-1-1-00002,0,
1733425080000,2024-12-05T18:58:00Z,1573-1-1-00002,0,
1733425140000,2024-12-05T18:59:00Z,1573-1-1-00002,0,
1733425200000,2024-12-05T19:00:00Z,1573-1-1-00002,0,
1733425260000,2024-12-05T19:01:00Z,1573-1-1-00002,0,
1733425320000,2024-12-05T19:02:00Z,1573-1-1-00002,0,
1733425380000,2024-12-05T19:03:00Z,1573-1-1-00002,0,
1733425440000,2024-12-05T19:04:00Z,1573-1-1-00002,0,
1733425500000,2024-12-05T19:05:00Z,1573-1-1-00002,0,
1733425560000,2024-12-05T19:06:00Z,1573-1-1-00002,0,
1733425620000,2024-12-05T19:07:00Z,1573-1-1-00002,0,
1733425680000,2024-12-05T19:08:00Z,1573-1-1-00002,0,
1733425740000,2024-12-05T19:09:00Z,1573-1-1-00002,0,
1733425800000,2024-12-05T19:10:00Z,1573-1-1-00002,0,
1733425860000,2024-12-05T19:11:00Z,1573-1-1-00002,0,
1733425920000,2024-12-05T19:12:00Z,1573-1-1-00002,0,
1733425980000,2024-12-05T19:13:00Z,1573-1-1-00002,0,
1733426040000,2024-12-05T19:14:00Z,1573-1-1-00002,0,
1733426100000,2024-12-05T19:15:00Z,1573-1-1-00002,0,
1733426160000,2024-12-05T19:16:00Z,1573-1-1-00002,0,
1733426220000,2024-12-05T19:17:00Z,1573-1-1-00002,0,
1733426280000,2024-12-05T19:18:00Z,1573-1-1-00002,0,
1733426340000,2024-12-05T19:19:00Z,1573-1-1-00002,0,
1733426400000,2024-12-05T19:20:00Z,1573-1-1-00002,0,
1733426460000,2024-12-05T19:21:00Z,1573-1-1-00002,0,
1733426520000,2024-12-05T19:22:00Z,1573-1-1-00002,0,
1733426580000,2024-12-05T19:23:00Z,1573-1-1-00002,0,
1733426640000,2024-12-05T19:24:00Z,1573-1-1-00002,0,
1733426700000,2024-12-05T19:25:00Z,1573-1-1-00002,0,
1733426760000,2024-12-05T19:26:00Z,1573-1-1-00002,0,
1733426820000,2024-12-05T19:27:00Z,1573-1-1-00002,0,
1733426880000,2024-12-05T19:28:00Z,1573-1-1-00002,0,
1733426940000,2024-12-05T19:29:00Z,1573-1-1-00002,0,
1733427000000,2024-12-05T19:30:00Z,1573-1-1-00002,0,
1733427060000,2024-12-05T19:31:00Z,1573-1-1-00002,0,
1733427120000,2024-12-05T19:32:00Z,1573-1-1-00002,0,
1733427180000,2024-12-05T19:33:00Z,1573-1-1-00002,0,
1733427240000,2024-12-05T19:34:00Z,1573-1-1-00002,0,
1733427300000,2024-12-05T19:35:00Z,1573-1-1-00002,0,
1733427360000,2024-12-05T19:36:00Z,1573-1-1-00002,0,
1733427420000,2024-12-05T19:37:00Z,1573-1-1-00002,0,
1733427480000,2024-12-05T19:38:00Z,1573-1-1-00002,0,
1733427540000,2024-12-05T19:39:00Z,1573-1-1-00002,0,
1733427600000,2024-12-05T19:40:00Z,1573-1-1-00002,0,
1733427660000,2024-12-05T19:41:00Z,1573-1-1-00002,0,
1733427720000,2024-12-05T19:42:00Z,1573-1-1-00002,0,
1733427780000,2024-12-05T19:43:00Z,1573-1-1-00002,0,
1733427840000,2024-12-05T19:44:00Z,1573-1-1-00002,0,
1733427900000,2024-12-05T19:45:00Z,1573-1-1-00002,0,
1733427960000,2024-12-05T19:46:00Z,1573-1-1-00002,0,
1733428020000,2024-12-05T19:47:00Z,1573-1-1-00002,0,
1733428080000,2024-12-05T19:48:00Z,1573-1-1-00002,0,
1733428140000,2024-12-05T19:49:00Z,1573-1-1-00002,0,
1733428200000,2024-12-05T19:50:00Z,1573-1-1-00002,0,
1733428260000,2024-12-05T19:51:00Z,1573-1-1-00002,0,
1733428320000,2024-12-05T19:52:00Z,1573-1-1-00002,0,
1733428380000,2024-12-05T19:53:00Z,1573-1-1-00002,0,
1733428440000,2024-12-05T19:54:00Z,1573-1-1-00002,0,
1733428500000,2024-12-05T19:55:00Z,1573-1-1-00002,0,
1733428560000,2024-12-05T19:56:00Z,1573-1-1-00002,0,
1733428620000,2024-12-05T19:57:00Z,1573-1-1-00002,0,
1733428680000,2024-12-05T19:58:00Z,1573-1-1-00002,0,
1733428740000,2024-12-05T19:59:00Z,1573-1-1-00002,0,
1733428800000,2024-12-05T20:00:00Z,1573-1-1-00002,0,
1733428860000,2024-12-05T20:01:00Z,1573-1-1-00002,0,
1733428920000,2024-12-05T20:02:00Z,1573-1-1-00002,0,
1733428980000,2024-12-05T20:03:00Z,1573-1-1-00002,0,
1733429040000,2024-12-05T20:04:00Z,1573-1-1-00002,0,
1733429100000,2024-12-05T20:05:00Z,1573-1-1-00002,0,
1733429160000,2024-12-05T20:06:00Z,1573-1-1-00002,0,
1733429220000,2024-12-05T20:07:00Z,1573-1-1-00002,0,
1733429280000,2024-12-05T20:08:00Z,1573-1-1-00002,0,
1733429340000,2024-12-05T20:09:00Z,1573-1-1-00002,0,
1733429400000,2024-12-05T20:10:00Z,1573-1-1-00002,0,
1733429460000,2024-12-05T20:11:00Z,1573-1-1-00002,0,
1733429520000,2024-12-05T20:12:00Z,1573-1-1-00002,0,
1733429580000,2024-12-05T20:13:00Z,1573-1-1-00002,0,
1733429640000,2024-12-05T20:14:00Z,1573-1-1-00002,0,
1733429700000,2024-12-05T20:15:00Z,1573-1-1-00002,0,
1733429760000,2024-12-05T20:16:00Z,1573-1-1-00002,0,
1733429820000,2024-12-05T20:17:00Z,1573-1-1-00002,0,
1733429880000,2024-12-05T20:18:00Z,1573-1-1-00002,0,
1733429940000,2024-12-05T20:19:00Z,1573-1-1-00002,0,
1733430000000,2024-12-05T20:20:00Z,1573-1-1-00002,0,
1733430060000,2024-12-05T20:21:00Z,1573-1-1-00002,0,
1733430120000,2024-12-05T20:22:00Z,1573-1-1-00002,0,
1733430180000,2024-12-05T20:23:00Z,1573-1-1-00002,0,
1733430240000,2024-12-05T20:24:00Z,1573-1-1-00002,0,
1733430300000,2024-12-05T20:25:00Z,1573-1-1-00002,0,
1733430360000,2024-12-05T20:26:00Z,1573-1-1-00002,0,
1733430420000,2024-12-05T20:27:00Z,1573-1-1-00002,0,
1733430480000,2024-12-05T20:28:00Z,1573-1-1-00002,0,
1733430540000,2024-12-05T20:29:00Z,1573-1-1-00002,0,
1733430600000,2024-12-05T20:30:00Z,1573-1-1-00002,0,
1733430660000,2024-12-05T20:31:00Z,1573-1-1-00002,0,
1733430720000,2024-12-05T20:32:00Z,1573-1-1-00002,0,
1733430780000,2024-12-05T20:33:00Z,1573-1-1-00002,0,
1733430840000,2024-12-05T20:34:00Z,1573-1-1-00002,0,
1733430900000,2024-12-05T20:35:00Z,1573-1-1-00002,0,
1733430960000,2024-12-05T20:36:00Z,1573-1-1-00002,0,
1733431020000,2024-12-05T20:37:00Z,1573-1-1-00002,0,
1733431080000,2024-12-05T20:38:00Z,1573-1-1-00002,0,
1733431140000,2024-12-05T20:39:00Z,1573-1-1-00002,0,
1733431200000,2024-12-05T20:40:00Z,1573-1-1-00002,0,
1733431260000,2024-12-05T20:41:00Z,1573-1-1-00002,0,
1733431320000,2024-12-05T20:42:00Z,1573-1-1-00002,0,
1733431380000,2024-12-05T20:43:00Z,1573-1-1-00002,0,
1733431440000,2024-12-05T20:44:00Z,1573-1-1-00002,0,
1733431500000,2024-12-05T20:45:00Z,1573-1-1-00002,0,
1733431560000,2024-12-05T20:46:00Z,1573-1-1-00002,0,
1733431620000,2024-12-05T20:47:00Z,1573-1-1-00002,0,
1733431680000,2024-12-05T20:48:00Z,1573-1-1-00002,0,
1733431740000,2024-12-05T20:49:00Z,1573-1-1-00002,0,
1733431800000,2024-12-05T20:50:00Z,1573-1-1-00002,0,
1733431860000,2024-12-05T20:51:00Z,1573-1-1-00002,0,
1733431920000,2024-12-05T20:52:00Z,1573-1-1-00002,0,
1733431980000,2024-12-05T20:53:00Z,1573-1-1-00002,0,
1733432040000,2024-12-05T20:54:00Z,1573-1-1-00002,0,
1733432100000,2024-12-05T20:55:00Z,1573-1-1-00002,0,
1733432160000,2024-12-05T20:56:00Z,1573-1-1-00002,0,
1733432220000,2024-12-05T20:57:00Z,1573-1-1-00002,0,
1733432280000,2024-12-05T20:58:00Z,1573-1-1-00002,0,
1733432340000,2024-12-05T20:59:00Z,1573-1-1-00002,0,
1733432400000,2024-12-05T21:00:00Z,1573-1-1-00002,0,
1733432460000,2024-12-05T21:01:00Z,1573-1-1-00002,0,
1733432520000,2024-12-05T21:02:00Z,1573-1-1-00002,0,
1733432580000,2024-12-05T21:03:00Z,1573-1-1-00002,0,
1733432640000,2024-12-05T21:04:00Z,1573-1-1-00002,0,
1733432700000,2024-12-05T21:05:00Z,1573-1-1-00002,0,
1733432760000,2024-12-05T21:06:00Z,1573-1-1-00002,0,
1733432820000,2024-12-05T21:07:00Z,1573-1-1-00002,0,
1733432880000,2024-12-05T21:08:00Z,1573-1-1-00002,0,
1733432940000,2024-12-05T21:09:00Z,1573-1-1-00002,0,
1733433000000,2024-12-05T21:10:00Z,1573-1-1-00002,0,
1733433060000,2024-12-05T21:11:00Z,1573-1-1-00002,0,
1733433120000,2024-12-05T21:12:00Z,1573-1-1-00002,0,
1733433180000,2024-12-05T21:13:00Z,1573-1-1-00002,0,
1733433240000,2024-12-05T21:14:00Z,1573-1-1-00002,0,
1733433300000,2024-12-05T21:15:00Z,1573-1-1-00002,0,
1733433360000,2024-12-05T21:16:00Z,1573-1-1-00002,0,
1733433420000,2024-12-05T21:17:00Z,1573-1-1-00002,0,
1733433480000,2024-12-05T21:18:00Z,1573-1-1-00002,0,
1733433540000,2024-12-05T21:19:00Z,1573-1-1-00002,0,
1733433600000,2024-12-05T21:20:00Z,1573-1-1-00002,0,
1733433660000,2024-12-05T21:21:00Z,1573-1-1-00002,0,
1733433720000,2024-12-05T21:22:00Z,1573-1-1-00002,0,
1733433780000,2024-12-05T21:23:00Z,1573-1-1-00002,0,
1733433840000,2024-12-05T21:24:00Z,1573-1-1-00002,0,
1733433900000,2024-12-05T21:25:00Z,1573-1-1-00002,0,
1733433960000,2024-12-05T21:26:00Z,1573-1-1-00002,0,
1733434020000,2024-12-05T21:27:00Z,1573-1-1-00002,0,
1733434080000,2024-12-05T21:28:00Z,1573-1-1-00002,0,
1733434140000,2024-12-05T21:29:00Z,1573-1-1-00002,0,
1733434200000,2024-12-05T21:30:00Z,1573-1-1-00002,0,
1733434260000,2024-12-05T21:31:00Z,1573-1-1-00002,0,
1733434320000,2024-12-05T21:32:00Z,1573-1-1-00002,0,
1733434380000,2024-12-05T21:33:00Z,1573-1-1-00002,0,
1733434440000,2024-12-05T21:34:00Z,1573-1-1-00002,0,
1733434500000,2024-12-05T21:35:00Z,1573-1-1-00002,0,
1733434560000,2024-12-05T21:36:00Z,1573-1-1-00002,0,
1733434620000,2024-12-05T21:37:00Z,1573-1-1-00002,0,
1733434680000,2024-12-05T21:38:00Z,1573-1-1-00002,0,
1733434740000,2024-12-05T21:39:00Z,1573-1-1-00002,0,
1733434800000,2024-12-05T21:40:00Z,1573-1-1-00002,0,
1733434860000,2024-12-05T21:41:00Z,1573-1-1-00002,0,
1733434920000,2024-12-05T21:42:00Z,1573-1-1-00002,0,
1733434980000,2024-12-05T21:43:00Z,1573-1-1-00002,0,
1733435040000,2024-12-05T21:44:00Z,1573-1-1-00002,0,
1733435100000,2024-12-05T21:45:00Z,1573-1-1-00002,0,
1733435160000,2024-12-05T21:46:00Z,1573-1-1-00002,0,
1733435220000,2024-12-05T21:47:00Z,1573-1-1-00002,0,
1733435280000,2024-12-05T21:48:00Z,1573-1-1-00002,0,
1733435340000,2024-12-05T21:49:00Z,1573-1-1-00002,0,
1733435400000,2024-12-05T21:50:00Z,1573-1-1-00002,0,
1733435460000,2024-12-05T21:51:00Z,1573-1-1-00002,0,
1733435520000,2024-12-05T21:52:00Z,1573-1-1-00002,0,
1733435580000,2024-12-05T21:53:00Z,1573-1-1-00002,0,
1733435640000,2024-12-05T21:54:00Z,1573-1-1-00002,0,
1733435700000,2024-12-05T21:55:00Z,1573-1-1-00002,0,
1733435760000,2024-12-05T21:56:00Z,1573-1-1-00002,0,
1733435820000,2024-12-05T21:57:00Z,1573-1-1-00002,0,
1733435880000,2024-12-05T21:58:00Z,1573-1-1-00002,0,
1733435940000,2024-12-05T21:59:00Z,1573-1-1-00002,0,
1733436000000,2024-12-05T22:00:00Z,1573-1-1-00002,0,
1733436060000,2024-12-05T22:01:00Z,1573-1-1-00002,0,
1733436120000,2024-12-05T22:02:00Z,1573-1-1-00002,0,
1733436180000,2024-12-05T22:03:00Z,1573-1-1-00002,0,
1733436240000,2024-12-05T22:04:00Z,1573-1-1-00002,0,
1733436300000,2024-12-05T22:05:00Z,1573-1-1-00002,0,
1733436360000,2024-12-05T22:06:00Z,1573-1-1-00002,0,
1733436420000,2024-12-05T22:07:00Z,1573-1-1-00002,0,
1733436480000,2024-12-05T22:08:00Z,1573-1-1-00002,0,
1733436540000,2024-12-05T22:09:00Z,1573-1-1-00002,0,
1733436600000,2024-12-05T22:10:00Z,1573-1-1-00002,0,
1733436660000,2024-12-05T22:11:00Z,1573-1-1-00002,0,
1733436720000,2024-12-05T22:12:00Z,1573-1-1-00002,0,
1733436780000,2024-12-05T22:13:00Z,1573-1-1-00002,0,
1733436840000,2024-12-05T22:14:00Z,1573-1-1-00002,0,
1733436900000,2024-12-05T22:15:00Z,1573-1-1-00002,0,
1733436960000,2024-12-05T22:16:00Z,1573-1-1-00002,0,
1733437020000,2024-12-05T22:17:00Z,1573-1-1-00002,0,
1733437080000,2024-12-05T22:18:00Z,1573-1-1-00002,0,
1733437140000,2024-12-05T22:19:00Z,1573-1-1-00002,0,
1733437200000,2024-12-05T22:20:00Z,1573-1-1-00002,0,
1733437260000,2024-12-05T22:21:00Z,1573-1-1-00002,0,
1733437320000,2024-12-05T22:22:00Z,1573-1-1-00002,0,
1733437380000,2024-12-05T22:23:00Z,1573-1-1-00002,0,
1733437440000,2024-12-05T22:24:00Z,1573-1-1-00002,0,
1733437500000,2024-12-05T22:25:00Z,1573-1-1-00002,0,
1733437560000,2024-12-05T22:26:00Z,1573-1-1-00002,0,
1733437620000,2024-12-05T22:27:00Z,1573-1-1-00002,0,
1733437680000,2024-12-05T22:28:00Z,1573-1-1-00002,0,
1733437740000,2024-12-05T22:29:00Z,1573-1-1-00002,0,
1733437800000,2024-12-05T22:30:00Z,1573-1-1-00002,0,
1733437860000,2024-12-05T22:31:00Z,1573-1-1-00002,0,
1733437920000,2024-12-05T22:32:00Z,1573-1-1-00002,0,
1733437980000,2024-12-05T22:33:00Z,1573-1-1-00002,0,
1733438040000,2024-12-05T22:34:00Z,1573-1-1-00002,0,
1733438100000,2024-12-05T22:35:00Z,1573-1-1-00002,0,
1733438160000,2024-12-05T22:36:00Z,1573-1-1-00002,0,
1733438220000,2024-12-05T22:37:00Z,1573-1-1-00002,0,
1733438280000,2024-12-05T22:38:00Z,1573-1-1-00002,0,
1733438340000,2024-12-05T22:39:00Z,1573-1-1-00002,0,
1733438400000,2024-12-05T22:40:00Z,1573-1-1-00002,0,
1733438460000,2024-12-05T22:41:00Z,1573-1-1-00002,0,
1733438520000,2024-12-05T22:42:00Z,1573-1-1-00002,0,
1733438580000,2024-12-05T22:43:00Z,1573-1-1-00002,0,
1733438640000,2024-12-05T22:44:00Z,1573-1-1-00002,0,
1733438700000,2024-12-05T22:45:00Z,1573-1-1-00002,0,
1733438760000,2024-12-05T22:46:00Z,1573-1-1-00002,0,
1733438820000,2024-12-05T22:47:00Z,1573-1-1-00002,0,
1733438880000,2024-12-05T22:48:00Z,1573-1-1-00002,0,
1733438940000,2024-12-05T22:49:00Z,1573-1-1-00002,0,
1733439000000,2024-12-05T22:50:00Z,1573-1-1-00002,0,
1733439060000,2024-12-05T22:51:00Z,1573-1-1-00002,0,
1733439120000,2024-12-05T22:52:00Z,1573-1-1-00002,0,
1733439180000,2024-12-05T22:53:00Z,1573-1-1-00002,0,
1733439240000,2024-12-05T22:54:00Z,1573-1-1-00002,0,
1733439300000,2024-12-05T22:55:00Z,1573-1-1-00002,0,
1733439360000,2024-12-05T22:56:00Z,1573-1-1-00002,0,
1733439420000,2024-12-05T22:57:00Z,1573-1-1-00002,0,
1733439480000,2024-12-05T22:58:00Z,1573-1-1-00002,0,
1733439540000,2024-12-05T22:59:00Z,1573-1-1-00002,0,
1733439600000,2024-12-05T23:00:00Z,1573-1-1-00002,0,
1733439660000,2024-12-05T23:01:00Z,1573-1-1-00002,0,
1733439720000,2024-12-05T23:02:00Z,1573-1-1-00002,0,
1733439780000,2024-12-05T23:03:00Z,1573-1-1-00002,0,
1733439840000,2024-12-05T23:04:00Z,1573-1-1-00002,0,
1733439900000,2024-12-05T23:05:00Z,1573-1-1-00002,0,
1733439960000,2024-12-05T23:06:00Z,1573-1-1-00002,0,
1733440020000,2024-12-05T23:07:00Z,1573-1-1-00002,0,
1733440080000,2024-12-05T23:08:00Z,1573-1-1-00002,0,
1733440140000,2024-12-05T23:09:00Z,1573-1-1-00002,0,
1733440200000,2024-12-05T23:10:00Z,1573-1-1-00002,0,
1733440260000,2024-12-05T23:11:00Z,1573-1-1-00002,0,
1733440320000,2024-12-05T23:12:00Z,1573-1-1-00002,0,
1733440380000,2024-12-05T23:13:00Z,1573-1-1-00002,0,
1733440440000,2024-12-05T23:14:00Z,1573-1-1-00002,0,
1733440500000,2024-12-05T23:15:00Z,1573-1-1-00002,0,
1733440560000,2024-12-05T23:16:00Z,1573-1-1-00002,0,
1733440620000,2024-12-05T23:17:00Z,1573-1-1-00002,0,
1733440680000,2024-12-05T23:18:00Z,1573-1-1-00002,0,
1733440740000,2024-12-05T23:19:00Z,1573-1-1-00002,0,
1733440800000,2024-12-05T23:20:00Z,1573-1-1-00002,0,
1733440860000,2024-12-05T23:21:00Z,1573-1-1-00002,0,
1733440920000,2024-12-05T23:22:00Z,1573-1-1-00002,0,
1733440980000,2024-12-05T23:23:00Z,1573-1-1-00002,0,
1733441040000,2024-12-05T23:24:00Z,1573-1-1-00002,0,
1733441100000,2024-12-05T23:25:00Z,1573-1-1-00002,0,
1733441160000,2024-12-05T23:26:00Z,1573-1-1-00002,0,
1733441220000,2024-12-05T23:27:00Z,1573-1-1-00002,0,
1733441280000,2024-12-05T23:28:00Z,1573-1-1-00002,0,
1733441340000,2024-12-05T23:29:00Z,1573-1-1-00002,0,
1733441400000,2024-12-05T23:30:00Z,1573-1-1-00002,0,
1733441460000,2024-12-05T23:31:00Z,1573-1-1-00002,0,
1733441520000,2024-12-05T23:32:00Z,1573-1-1-00002,0,
1733441580000,2024-12-05T23:33:00Z,1573-1-1-00002,0,
1733441640000,2024-12-05T23:34:00Z,1573-1-1-00002,0,
1733441700000,2024-12-05T23:35:00Z,1573-1-1-00002,0,
1733441760000,2024-12-05T23:36:00Z,1573-1-1-00002,0,
1733441820000,2024-12-05T23:37:00Z,1573-1-1-00002,0,
1733441880000,2024-12-05T23:38:00Z,1573-1-1-00002,0,
1733441940000,2024-12-05T23:39:00Z,1573-1-1-00002,0,
1733442000000,2024-12-05T23:40:00Z,1573-1-1-00002,0,
1733442060000,2024-12-05T23:41:00Z,1573-1-1-00002,0,
1733442120000,2024-12-05T23:42:00Z,1573-1-1-00002,0,
1733442180000,2024-12-05T23:43:00Z,1573-1-1-00002,0,
1733442240000,2024-12-05T23:44:00Z,1573-1-1-00002,0,
1733442300000,2024-12-05T23:45:00Z,1573-1-1-00002,0,
1733442360000,2024-12-05T23:46:00Z,1573-1-1-00002,0,
1733442420000,2024-12-05T23:47:00Z,1573-1-1-00002,0,
1733442480000,2024-12-05T23:48:00Z,1573-1-1-00002,0,
1733442540000,2024-12-05T23:49:00Z,1573-1-1-00002,0,
1733442600000,2024-12-05T23:50:00Z,1573-1-1-00002,0,
1733442660000,2024-12-05T23:51:00Z,1573-1-1-00002,0,
1733442720000,2024-12-05T23:52:00Z,1573-1-1-00002,0,
1733442780000,2024-12-05T23:53:00Z,1573-1-1-00002,0,
1733442840000,2024-12-05T23:54:00Z,1573-1-1-00002,0,
1733442900000,2024-12-05T23:55:00Z,1573-1-1-00002,0,
1733442960000,2024-12-05T23:56:00Z,1573-1-1-00002,0,
1733443020000,2024-12-05T23:57:00Z,1573-1-1-00002,0,
1733443080000,2024-12-05T23:58:00Z,1573-1-1-00002,0,
1733443140000,2024-12-05T23:59:00Z,1573-1-1-00002,0,
