timestamp_unix,timestamp_iso,participant_full_id,pulse_rate_bpm,missing_value_reason
1746921600000,2025-05-11T00:00:00Z,1974-1-1-06,,device_not_recording
1746921660000,2025-05-11T00:01:00Z,1974-1-1-06,,device_not_recording
1746921720000,2025-05-11T00:02:00Z,1974-1-1-06,,device_not_recording
1746921780000,2025-05-11T00:03:00Z,1974-1-1-06,,device_not_recording
1746921840000,2025-05-11T00:04:00Z,1974-1-1-06,,device_not_recording
1746921900000,2025-05-11T00:05:00Z,1974-1-1-06,,device_not_recording
1746921960000,2025-05-11T00:06:00Z,1974-1-1-06,,device_not_recording
1746922020000,2025-05-11T00:07:00Z,1974-1-1-06,,device_not_recording
1746922080000,2025-05-11T00:08:00Z,1974-1-1-06,,device_not_recording
1746922140000,2025-05-11T00:09:00Z,1974-1-1-06,,device_not_recording
1746922200000,2025-05-11T00:10:00Z,1974-1-1-06,,device_not_recording
1746922260000,2025-05-11T00:11:00Z,1974-1-1-06,,device_not_recording
1746922320000,2025-05-11T00:12:00Z,1974-1-1-06,,device_not_recording
1746922380000,2025-05-11T00:13:00Z,1974-1-1-06,,device_not_recording
1746922440000,2025-05-11T00:14:00Z,1974-1-1-06,,device_not_recording
1746922500000,2025-05-11T00:15:00Z,1974-1-1-06,,device_not_recording
1746922560000,2025-05-11T00:16:00Z,1974-1-1-06,,device_not_recording
1746922620000,2025-05-11T00:17:00Z,1974-1-1-06,,device_not_recording
1746922680000,2025-05-11T00:18:00Z,1974-1-1-06,,device_not_recording
1746922740000,2025-05-11T00:19:00Z,1974-1-1-06,,device_not_recording
1746922800000,2025-05-11T00:20:00Z,1974-1-1-06,,device_not_recording
1746922860000,2025-05-11T00:21:00Z,1974-1-1-06,,device_not_recording
1746922920000,2025-05-11T00:22:00Z,1974-1-1-06,,device_not_recording
1746922980000,2025-05-11T00:23:00Z,1974-1-1-06,,device_not_recording
1746923040000,2025-05-11T00:24:00Z,1974-1-1-06,,device_not_recording
1746923100000,2025-05-11T00:25:00Z,1974-1-1-06,,device_not_recording
1746923160000,2025-05-11T00:26:00Z,1974-1-1-06,,device_not_recording
1746923220000,2025-05-11T00:27:00Z,1974-1-1-06,,device_not_recording
1746923280000,2025-05-11T00:28:00Z,1974-1-1-06,,device_not_recording
1746923340000,2025-05-11T00:29:00Z,1974-1-1-06,,device_not_recording
1746923400000,2025-05-11T00:30:00Z,1974-1-1-06,,device_not_recording
1746923460000,2025-05-11T00:31:00Z,1974-1-1-06,,device_not_recording
1746923520000,2025-05-11T00:32:00Z,1974-1-1-06,,device_not_recording
1746923580000,2025-05-11T00:33:00Z,1974-1-1-06,,device_not_recording
1746923640000,2025-05-11T00:34:00Z,1974-1-1-06,,device_not_recording
1746923700000,2025-05-11T00:35:00Z,1974-1-1-06,,device_not_recording
1746923760000,2025-05-11T00:36:00Z,1974-1-1-06,,device_not_recording
1746923820000,2025-05-11T00:37:00Z,1974-1-1-06,,device_not_recording
1746923880000,2025-05-11T00:38:00Z,1974-1-1-06,,device_not_recording
1746923940000,2025-05-11T00:39:00Z,1974-1-1-06,,device_not_recording
1746924000000,2025-05-11T00:40:00Z,1974-1-1-06,,device_not_recording
1746924060000,2025-05-11T00:41:00Z,1974-1-1-06,,device_not_recording
1746924120000,2025-05-11T00:42:00Z,1974-1-1-06,,device_not_recording
1746924180000,2025-05-11T00:43:00Z,1974-1-1-06,,device_not_recording
1746924240000,2025-05-11T00:44:00Z,1974-1-1-06,,device_not_recording
1746924300000,2025-05-11T00:45:00Z,1974-1-1-06,,device_not_recording
1746924360000,2025-05-11T00:46:00Z,1974-1-1-06,,device_not_recording
1746924420000,2025-05-11T00:47:00Z,1974-1-1-06,,device_not_recording
1746924480000,2025-05-11T00:48:00Z,1974-1-1-06,,device_not_recording
1746924540000,2025-05-11T00:49:00Z,1974-1-1-06,,device_not_recording
1746924600000,2025-05-11T00:50:00Z,1974-1-1-06,,device_not_recording
1746924660000,2025-05-11T00:51:00Z,1974-1-1-06,,device_not_recording
1746924720000,2025-05-11T00:52:00Z,1974-1-1-06,,device_not_recording
1746924780000,2025-05-11T00:53:00Z,1974-1-1-06,,device_not_recording
1746924840000,2025-05-11T00:54:00Z,1974-1-1-06,,device_not_recording
1746924900000,2025-05-11T00:55:00Z,1974-1-1-06,,device_not_recording
1746924960000,2025-05-11T00:56:00Z,1974-1-1-06,,device_not_recording
1746925020000,2025-05-11T00:57:00Z,1974-1-1-06,,device_not_recording
1746925080000,2025-05-11T00:58:00Z,1974-1-1-06,,device_not_recording
1746925140000,2025-05-11T00:59:00Z,1974-1-1-06,,device_not_recording
1746925200000,2025-05-11T01:00:00Z,1974-1-1-06,,device_not_recording
1746925260000,2025-05-11T01:01:00Z,1974-1-1-06,,device_not_recording
1746925320000,2025-05-11T01:02:00Z,1974-1-1-06,,device_not_recording
1746925380000,2025-05-11T01:03:00Z,1974-1-1-06,,device_not_recording
1746925440000,2025-05-11T01:04:00Z,1974-1-1-06,,device_not_recording
1746925500000,2025-05-11T01:05:00Z,1974-1-1-06,,device_not_recording
1746925560000,2025-05-11T01:06:00Z,1974-1-1-06,,device_not_recording
1746925620000,2025-05-11T01:07:00Z,1974-1-1-06,,device_not_recording
1746925680000,2025-05-11T01:08:00Z,1974-1-1-06,,device_not_recording
1746925740000,2025-05-11T01:09:00Z,1974-1-1-06,,device_not_recording
1746925800000,2025-05-11T01:10:00Z,1974-1-1-06,,device_not_recording
1746925860000,2025-05-11T01:11:00Z,1974-1-1-06,,device_not_recording
1746925920000,2025-05-11T01:12:00Z,1974-1-1-06,,device_not_recording
1746925980000,2025-05-11T01:13:00Z,1974-1-1-06,,device_not_recording
1746926040000,2025-05-11T01:14:00Z,1974-1-1-06,,device_not_recording
1746926100000,2025-05-11T01:15:00Z,1974-1-1-06,,device_not_recording
1746926160000,2025-05-11T01:16:00Z,1974-1-1-06,,device_not_recording
1746926220000,2025-05-11T01:17:00Z,1974-1-1-06,,device_not_recording
1746926280000,2025-05-11T01:18:00Z,1974-1-1-06,,device_not_recording
1746926340000,2025-05-11T01:19:00Z,1974-1-1-06,,device_not_recording
1746926400000,2025-05-11T01:20:00Z,1974-1-1-06,,device_not_recording
1746926460000,2025-05-11T01:21:00Z,1974-1-1-06,,device_not_recording
1746926520000,2025-05-11T01:22:00Z,1974-1-1-06,,device_not_recording
1746926580000,2025-05-11T01:23:00Z,1974-1-1-06,,device_not_recording
1746926640000,2025-05-11T01:24:00Z,1974-1-1-06,,device_not_recording
1746926700000,2025-05-11T01:25:00Z,1974-1-1-06,,device_not_recording
1746926760000,2025-05-11T01:26:00Z,1974-1-1-06,,device_not_recording
1746926820000,2025-05-11T01:27:00Z,1974-1-1-06,,device_not_recording
1746926880000,2025-05-11T01:28:00Z,1974-1-1-06,,device_not_recording
1746926940000,2025-05-11T01:29:00Z,1974-1-1-06,,device_not_recording
1746927000000,2025-05-11T01:30:00Z,1974-1-1-06,,device_not_recording
1746927060000,2025-05-11T01:31:00Z,1974-1-1-06,,device_not_recording
1746927120000,2025-05-11T01:32:00Z,1974-1-1-06,,device_not_recording
1746927180000,2025-05-11T01:33:00Z,1974-1-1-06,,device_not_recording
1746927240000,2025-05-11T01:34:00Z,1974-1-1-06,,device_not_recording
1746927300000,2025-05-11T01:35:00Z,1974-1-1-06,,device_not_recording
1746927360000,2025-05-11T01:36:00Z,1974-1-1-06,,device_not_recording
1746927420000,2025-05-11T01:37:00Z,1974-1-1-06,,device_not_recording
1746927480000,2025-05-11T01:38:00Z,1974-1-1-06,,device_not_recording
1746927540000,2025-05-11T01:39:00Z,1974-1-1-06,,device_not_recording
1746927600000,2025-05-11T01:40:00Z,1974-1-1-06,,device_not_recording
1746927660000,2025-05-11T01:41:00Z,1974-1-1-06,,device_not_recording
1746927720000,2025-05-11T01:42:00Z,1974-1-1-06,,device_not_recording
1746927780000,2025-05-11T01:43:00Z,1974-1-1-06,,device_not_recording
1746927840000,2025-05-11T01:44:00Z,1974-1-1-06,,device_not_recording
1746927900000,2025-05-11T01:45:00Z,1974-1-1-06,,device_not_recording
1746927960000,2025-05-11T01:46:00Z,1974-1-1-06,,device_not_recording
1746928020000,2025-05-11T01:47:00Z,1974-1-1-06,,device_not_recording
1746928080000,2025-05-11T01:48:00Z,1974-1-1-06,,device_not_recording
1746928140000,2025-05-11T01:49:00Z,1974-1-1-06,,device_not_recording
1746928200000,2025-05-11T01:50:00Z,1974-1-1-06,,device_not_recording
1746928260000,2025-05-11T01:51:00Z,1974-1-1-06,,device_not_recording
1746928320000,2025-05-11T01:52:00Z,1974-1-1-06,,device_not_recording
1746928380000,2025-05-11T01:53:00Z,1974-1-1-06,,device_not_recording
1746928440000,2025-05-11T01:54:00Z,1974-1-1-06,,device_not_recording
1746928500000,2025-05-11T01:55:00Z,1974-1-1-06,,device_not_recording
1746928560000,2025-05-11T01:56:00Z,1974-1-1-06,,device_not_recording
1746928620000,2025-05-11T01:57:00Z,1974-1-1-06,,device_not_recording
1746928680000,2025-05-11T01:58:00Z,1974-1-1-06,,device_not_recording
1746928740000,2025-05-11T01:59:00Z,1974-1-1-06,,device_not_recording
1746928800000,2025-05-11T02:00:00Z,1974-1-1-06,,device_not_recording
1746928860000,2025-05-11T02:01:00Z,1974-1-1-06,,device_not_recording
1746928920000,2025-05-11T02:02:00Z,1974-1-1-06,,device_not_recording
1746928980000,2025-05-11T02:03:00Z,1974-1-1-06,,device_not_recording
1746929040000,2025-05-11T02:04:00Z,1974-1-1-06,,device_not_recording
1746929100000,2025-05-11T02:05:00Z,1974-1-1-06,,device_not_recording
1746929160000,2025-05-11T02:06:00Z,1974-1-1-06,,device_not_recording
1746929220000,2025-05-11T02:07:00Z,1974-1-1-06,,device_not_recording
1746929280000,2025-05-11T02:08:00Z,1974-1-1-06,,device_not_recording
1746929340000,2025-05-11T02:09:00Z,1974-1-1-06,,device_not_recording
1746929400000,2025-05-11T02:10:00Z,1974-1-1-06,,device_not_recording
1746929460000,2025-05-11T02:11:00Z,1974-1-1-06,,device_not_recording
1746929520000,2025-05-11T02:12:00Z,1974-1-1-06,,device_not_recording
1746929580000,2025-05-11T02:13:00Z,1974-1-1-06,,device_not_recording
1746929640000,2025-05-11T02:14:00Z,1974-1-1-06,,device_not_recording
1746929700000,2025-05-11T02:15:00Z,1974-1-1-06,,device_not_recording
1746929760000,2025-05-11T02:16:00Z,1974-1-1-06,,device_not_recording
1746929820000,2025-05-11T02:17:00Z,1974-1-1-06,,device_not_recording
1746929880000,2025-05-11T02:18:00Z,1974-1-1-06,,device_not_recording
1746929940000,2025-05-11T02:19:00Z,1974-1-1-06,,device_not_recording
1746930000000,2025-05-11T02:20:00Z,1974-1-1-06,,device_not_recording
1746930060000,2025-05-11T02:21:00Z,1974-1-1-06,,device_not_recording
1746930120000,2025-05-11T02:22:00Z,1974-1-1-06,,device_not_recording
1746930180000,2025-05-11T02:23:00Z,1974-1-1-06,,device_not_recording
1746930240000,2025-05-11T02:24:00Z,1974-1-1-06,,device_not_recording
1746930300000,2025-05-11T02:25:00Z,1974-1-1-06,,device_not_recording
1746930360000,2025-05-11T02:26:00Z,1974-1-1-06,,device_not_recording
1746930420000,2025-05-11T02:27:00Z,1974-1-1-06,,device_not_recording
1746930480000,2025-05-11T02:28:00Z,1974-1-1-06,,device_not_recording
1746930540000,2025-05-11T02:29:00Z,1974-1-1-06,,device_not_recording
1746930600000,2025-05-11T02:30:00Z,1974-1-1-06,,device_not_recording
1746930660000,2025-05-11T02:31:00Z,1974-1-1-06,,device_not_recording
1746930720000,2025-05-11T02:32:00Z,1974-1-1-06,,device_not_recording
1746930780000,2025-05-11T02:33:00Z,1974-1-1-06,,device_not_recording
1746930840000,2025-05-11T02:34:00Z,1974-1-1-06,,device_not_recording
1746930900000,2025-05-11T02:35:00Z,1974-1-1-06,,device_not_recording
1746930960000,2025-05-11T02:36:00Z,1974-1-1-06,,device_not_recording
1746931020000,2025-05-11T02:37:00Z,1974-1-1-06,,device_not_recording
1746931080000,2025-05-11T02:38:00Z,1974-1-1-06,,device_not_recording
1746931140000,2025-05-11T02:39:00Z,1974-1-1-06,,device_not_recording
1746931200000,2025-05-11T02:40:00Z,1974-1-1-06,,device_not_recording
1746931260000,2025-05-11T02:41:00Z,1974-1-1-06,,device_not_recording
1746931320000,2025-05-11T02:42:00Z,1974-1-1-06,,device_not_recording
1746931380000,2025-05-11T02:43:00Z,1974-1-1-06,,device_not_recording
1746931440000,2025-05-11T02:44:00Z,1974-1-1-06,,device_not_recording
1746931500000,2025-05-11T02:45:00Z,1974-1-1-06,,device_not_recording
1746931560000,2025-05-11T02:46:00Z,1974-1-1-06,,device_not_recording
1746931620000,2025-05-11T02:47:00Z,1974-1-1-06,,device_not_recording
1746931680000,2025-05-11T02:48:00Z,1974-1-1-06,,device_not_recording
1746931740000,2025-05-11T02:49:00Z,1974-1-1-06,,device_not_recording
1746931800000,2025-05-11T02:50:00Z,1974-1-1-06,,device_not_recording
1746931860000,2025-05-11T02:51:00Z,1974-1-1-06,,device_not_recording
1746931920000,2025-05-11T02:52:00Z,1974-1-1-06,,device_not_recording
1746931980000,2025-05-11T02:53:00Z,1974-1-1-06,,device_not_recording
1746932040000,2025-05-11T02:54:00Z,1974-1-1-06,,device_not_recording
1746932100000,2025-05-11T02:55:00Z,1974-1-1-06,,device_not_recording
1746932160000,2025-05-11T02:56:00Z,1974-1-1-06,,device_not_recording
1746932220000,2025-05-11T02:57:00Z,1974-1-1-06,,device_not_recording
1746932280000,2025-05-11T02:58:00Z,1974-1-1-06,,device_not_recording
1746932340000,2025-05-11T02:59:00Z,1974-1-1-06,,device_not_recording
1746932400000,2025-05-11T03:00:00Z,1974-1-1-06,,device_not_recording
1746932460000,2025-05-11T03:01:00Z,1974-1-1-06,,device_not_recording
1746932520000,2025-05-11T03:02:00Z,1974-1-1-06,,device_not_recording
1746932580000,2025-05-11T03:03:00Z,1974-1-1-06,,device_not_recording
1746932640000,2025-05-11T03:04:00Z,1974-1-1-06,,device_not_recording
1746932700000,2025-05-11T03:05:00Z,1974-1-1-06,,device_not_recording
1746932760000,2025-05-11T03:06:00Z,1974-1-1-06,,device_not_recording
1746932820000,2025-05-11T03:07:00Z,1974-1-1-06,,device_not_recording
1746932880000,2025-05-11T03:08:00Z,1974-1-1-06,,device_not_recording
1746932940000,2025-05-11T03:09:00Z,1974-1-1-06,,device_not_recording
1746933000000,2025-05-11T03:10:00Z,1974-1-1-06,,device_not_recording
1746933060000,2025-05-11T03:11:00Z,1974-1-1-06,,device_not_recording
1746933120000,2025-05-11T03:12:00Z,1974-1-1-06,,device_not_recording
1746933180000,2025-05-11T03:13:00Z,1974-1-1-06,,device_not_recording
1746933240000,2025-05-11T03:14:00Z,1974-1-1-06,,device_not_recording
1746933300000,2025-05-11T03:15:00Z,1974-1-1-06,,device_not_recording
1746933360000,2025-05-11T03:16:00Z,1974-1-1-06,,device_not_recording
1746933420000,2025-05-11T03:17:00Z,1974-1-1-06,,device_not_recording
1746933480000,2025-05-11T03:18:00Z,1974-1-1-06,,device_not_recording
1746933540000,2025-05-11T03:19:00Z,1974-1-1-06,,device_not_recording
1746933600000,2025-05-11T03:20:00Z,1974-1-1-06,,device_not_recording
1746933660000,2025-05-11T03:21:00Z,1974-1-1-06,,device_not_recording
1746933720000,2025-05-11T03:22:00Z,1974-1-1-06,,device_not_recording
1746933780000,2025-05-11T03:23:00Z,1974-1-1-06,,device_not_recording
1746933840000,2025-05-11T03:24:00Z,1974-1-1-06,,device_not_recording
1746933900000,2025-05-11T03:25:00Z,1974-1-1-06,,device_not_recording
1746933960000,2025-05-11T03:26:00Z,1974-1-1-06,,device_not_recording
1746934020000,2025-05-11T03:27:00Z,1974-1-1-06,,device_not_recording
1746934080000,2025-05-11T03:28:00Z,1974-1-1-06,,device_not_recording
1746934140000,2025-05-11T03:29:00Z,1974-1-1-06,,device_not_recording
1746934200000,2025-05-11T03:30:00Z,1974-1-1-06,,device_not_recording
1746934260000,2025-05-11T03:31:00Z,1974-1-1-06,,device_not_recording
1746934320000,2025-05-11T03:32:00Z,1974-1-1-06,,device_not_recording
1746934380000,2025-05-11T03:33:00Z,1974-1-1-06,,device_not_recording
1746934440000,2025-05-11T03:34:00Z,1974-1-1-06,,device_not_recording
1746934500000,2025-05-11T03:35:00Z,1974-1-1-06,,device_not_recording
1746934560000,2025-05-11T03:36:00Z,1974-1-1-06,,device_not_recording
1746934620000,2025-05-11T03:37:00Z,1974-1-1-06,,device_not_recording
1746934680000,2025-05-11T03:38:00Z,1974-1-1-06,,device_not_recording
1746934740000,2025-05-11T03:39:00Z,1974-1-1-06,,device_not_recording
1746934800000,2025-05-11T03:40:00Z,1974-1-1-06,,device_not_recording
1746934860000,2025-05-11T03:41:00Z,1974-1-1-06,,device_not_recording
1746934920000,2025-05-11T03:42:00Z,1974-1-1-06,,device_not_recording
1746934980000,2025-05-11T03:43:00Z,1974-1-1-06,,device_not_recording
1746935040000,2025-05-11T03:44:00Z,1974-1-1-06,,device_not_recording
1746935100000,2025-05-11T03:45:00Z,1974-1-1-06,,device_not_recording
1746935160000,2025-05-11T03:46:00Z,1974-1-1-06,,device_not_recording
1746935220000,2025-05-11T03:47:00Z,1974-1-1-06,,device_not_recording
1746935280000,2025-05-11T03:48:00Z,1974-1-1-06,,device_not_recording
1746935340000,2025-05-11T03:49:00Z,1974-1-1-06,,device_not_recording
1746935400000,2025-05-11T03:50:00Z,1974-1-1-06,,device_not_recording
1746935460000,2025-05-11T03:51:00Z,1974-1-1-06,,device_not_recording
1746935520000,2025-05-11T03:52:00Z,1974-1-1-06,,device_not_recording
1746935580000,2025-05-11T03:53:00Z,1974-1-1-06,,device_not_recording
1746935640000,2025-05-11T03:54:00Z,1974-1-1-06,,device_not_recording
1746935700000,2025-05-11T03:55:00Z,1974-1-1-06,,device_not_recording
1746935760000,2025-05-11T03:56:00Z,1974-1-1-06,,device_not_recording
1746935820000,2025-05-11T03:57:00Z,1974-1-1-06,,device_not_recording
1746935880000,2025-05-11T03:58:00Z,1974-1-1-06,,device_not_recording
1746935940000,2025-05-11T03:59:00Z,1974-1-1-06,,device_not_recording
1746936000000,2025-05-11T04:00:00Z,1974-1-1-06,,device_not_recording
1746936060000,2025-05-11T04:01:00Z,1974-1-1-06,,device_not_recording
1746936120000,2025-05-11T04:02:00Z,1974-1-1-06,,device_not_recording
1746936180000,2025-05-11T04:03:00Z,1974-1-1-06,,device_not_recording
1746936240000,2025-05-11T04:04:00Z,1974-1-1-06,,device_not_recording
1746936300000,2025-05-11T04:05:00Z,1974-1-1-06,,device_not_recording
1746936360000,2025-05-11T04:06:00Z,1974-1-1-06,,device_not_recording
1746936420000,2025-05-11T04:07:00Z,1974-1-1-06,,device_not_recording
1746936480000,2025-05-11T04:08:00Z,1974-1-1-06,,device_not_recording
1746936540000,2025-05-11T04:09:00Z,1974-1-1-06,,device_not_recording
1746936600000,2025-05-11T04:10:00Z,1974-1-1-06,,device_not_recording
1746936660000,2025-05-11T04:11:00Z,1974-1-1-06,,device_not_recording
1746936720000,2025-05-11T04:12:00Z,1974-1-1-06,,device_not_recording
1746936780000,2025-05-11T04:13:00Z,1974-1-1-06,,device_not_recording
1746936840000,2025-05-11T04:14:00Z,1974-1-1-06,,device_not_recording
1746936900000,2025-05-11T04:15:00Z,1974-1-1-06,,device_not_recording
1746936960000,2025-05-11T04:16:00Z,1974-1-1-06,,device_not_recording
1746937020000,2025-05-11T04:17:00Z,1974-1-1-06,,device_not_recording
1746937080000,2025-05-11T04:18:00Z,1974-1-1-06,,device_not_recording
1746937140000,2025-05-11T04:19:00Z,1974-1-1-06,,device_not_recording
1746937200000,2025-05-11T04:20:00Z,1974-1-1-06,,device_not_recording
1746937260000,2025-05-11T04:21:00Z,1974-1-1-06,,device_not_recording
1746937320000,2025-05-11T04:22:00Z,1974-1-1-06,,device_not_recording
1746937380000,2025-05-11T04:23:00Z,1974-1-1-06,,device_not_recording
1746937440000,2025-05-11T04:24:00Z,1974-1-1-06,,device_not_recording
1746937500000,2025-05-11T04:25:00Z,1974-1-1-06,,device_not_recording
1746937560000,2025-05-11T04:26:00Z,1974-1-1-06,,device_not_recording
1746937620000,2025-05-11T04:27:00Z,1974-1-1-06,,device_not_recording
1746937680000,2025-05-11T04:28:00Z,1974-1-1-06,,device_not_recording
1746937740000,2025-05-11T04:29:00Z,1974-1-1-06,,device_not_recording
1746937800000,2025-05-11T04:30:00Z,1974-1-1-06,,device_not_recording
1746937860000,2025-05-11T04:31:00Z,1974-1-1-06,,device_not_recording
1746937920000,2025-05-11T04:32:00Z,1974-1-1-06,,device_not_recording
1746937980000,2025-05-11T04:33:00Z,1974-1-1-06,,device_not_recording
1746938040000,2025-05-11T04:34:00Z,1974-1-1-06,,device_not_recording
1746938100000,2025-05-11T04:35:00Z,1974-1-1-06,,device_not_recording
1746938160000,2025-05-11T04:36:00Z,1974-1-1-06,,device_not_recording
1746938220000,2025-05-11T04:37:00Z,1974-1-1-06,,device_not_recording
1746938280000,2025-05-11T04:38:00Z,1974-1-1-06,,device_not_recording
1746938340000,2025-05-11T04:39:00Z,1974-1-1-06,,device_not_recording
1746938400000,2025-05-11T04:40:00Z,1974-1-1-06,,device_not_recording
1746938460000,2025-05-11T04:41:00Z,1974-1-1-06,,device_not_recording
1746938520000,2025-05-11T04:42:00Z,1974-1-1-06,,device_not_recording
1746938580000,2025-05-11T04:43:00Z,1974-1-1-06,,device_not_recording
1746938640000,2025-05-11T04:44:00Z,1974-1-1-06,,device_not_recording
1746938700000,2025-05-11T04:45:00Z,1974-1-1-06,,device_not_recording
1746938760000,2025-05-11T04:46:00Z,1974-1-1-06,,device_not_recording
1746938820000,2025-05-11T04:47:00Z,1974-1-1-06,,device_not_recording
1746938880000,2025-05-11T04:48:00Z,1974-1-1-06,,device_not_recording
1746938940000,2025-05-11T04:49:00Z,1974-1-1-06,,device_not_recording
1746939000000,2025-05-11T04:50:00Z,1974-1-1-06,,device_not_recording
1746939060000,2025-05-11T04:51:00Z,1974-1-1-06,,device_not_recording
1746939120000,2025-05-11T04:52:00Z,1974-1-1-06,,device_not_recording
1746939180000,2025-05-11T04:53:00Z,1974-1-1-06,,device_not_recording
1746939240000,2025-05-11T04:54:00Z,1974-1-1-06,,device_not_recording
1746939300000,2025-05-11T04:55:00Z,1974-1-1-06,,device_not_recording
1746939360000,2025-05-11T04:56:00Z,1974-1-1-06,,device_not_recording
1746939420000,2025-05-11T04:57:00Z,1974-1-1-06,,device_not_recording
1746939480000,2025-05-11T04:58:00Z,1974-1-1-06,,device_not_recording
1746939540000,2025-05-11T04:59:00Z,1974-1-1-06,,device_not_recording
1746939600000,2025-05-11T05:00:00Z,1974-1-1-06,,device_not_recording
1746939660000,2025-05-11T05:01:00Z,1974-1-1-06,,device_not_recording
1746939720000,2025-05-11T05:02:00Z,1974-1-1-06,,device_not_recording
1746939780000,2025-05-11T05:03:00Z,1974-1-1-06,,device_not_recording
1746939840000,2025-05-11T05:04:00Z,1974-1-1-06,,device_not_recording
1746939900000,2025-05-11T05:05:00Z,1974-1-1-06,,device_not_recording
1746939960000,2025-05-11T05:06:00Z,1974-1-1-06,,device_not_recording
1746940020000,2025-05-11T05:07:00Z,1974-1-1-06,,device_not_recording
1746940080000,2025-05-11T05:08:00Z,1974-1-1-06,,device_not_recording
1746940140000,2025-05-11T05:09:00Z,1974-1-1-06,,device_not_recording
1746940200000,2025-05-11T05:10:00Z,1974-1-1-06,,device_not_recording
1746940260000,2025-05-11T05:11:00Z,1974-1-1-06,,device_not_recording
1746940320000,2025-05-11T05:12:00Z,1974-1-1-06,,device_not_recording
1746940380000,2025-05-11T05:13:00Z,1974-1-1-06,,device_not_recording
1746940440000,2025-05-11T05:14:00Z,1974-1-1-06,,device_not_recording
1746940500000,2025-05-11T05:15:00Z,1974-1-1-06,,device_not_recording
1746940560000,2025-05-11T05:16:00Z,1974-1-1-06,,device_not_recording
1746940620000,2025-05-11T05:17:00Z,1974-1-1-06,,device_not_recording
1746940680000,2025-05-11T05:18:00Z,1974-1-1-06,,device_not_recording
1746940740000,2025-05-11T05:19:00Z,1974-1-1-06,,device_not_recording
1746940800000,2025-05-11T05:20:00Z,1974-1-1-06,,device_not_recording
1746940860000,2025-05-11T05:21:00Z,1974-1-1-06,,device_not_recording
1746940920000,2025-05-11T05:22:00Z,1974-1-1-06,,device_not_recording
1746940980000,2025-05-11T05:23:00Z,1974-1-1-06,,device_not_recording
1746941040000,2025-05-11T05:24:00Z,1974-1-1-06,,device_not_recording
1746941100000,2025-05-11T05:25:00Z,1974-1-1-06,,device_not_recording
1746941160000,2025-05-11T05:26:00Z,1974-1-1-06,,device_not_recording
1746941220000,2025-05-11T05:27:00Z,1974-1-1-06,,device_not_recording
1746941280000,2025-05-11T05:28:00Z,1974-1-1-06,,device_not_recording
1746941340000,2025-05-11T05:29:00Z,1974-1-1-06,,device_not_recording
1746941400000,2025-05-11T05:30:00Z,1974-1-1-06,,device_not_recording
1746941460000,2025-05-11T05:31:00Z,1974-1-1-06,,device_not_recording
1746941520000,2025-05-11T05:32:00Z,1974-1-1-06,,device_not_recording
1746941580000,2025-05-11T05:33:00Z,1974-1-1-06,,device_not_recording
1746941640000,2025-05-11T05:34:00Z,1974-1-1-06,,device_not_recording
1746941700000,2025-05-11T05:35:00Z,1974-1-1-06,,device_not_recording
1746941760000,2025-05-11T05:36:00Z,1974-1-1-06,,device_not_recording
1746941820000,2025-05-11T05:37:00Z,1974-1-1-06,,device_not_recording
1746941880000,2025-05-11T05:38:00Z,1974-1-1-06,,device_not_recording
1746941940000,2025-05-11T05:39:00Z,1974-1-1-06,,device_not_recording
1746942000000,2025-05-11T05:40:00Z,1974-1-1-06,,device_not_recording
1746942060000,2025-05-11T05:41:00Z,1974-1-1-06,,device_not_recording
1746942120000,2025-05-11T05:42:00Z,1974-1-1-06,,device_not_recording
1746942180000,2025-05-11T05:43:00Z,1974-1-1-06,,device_not_recording
1746942240000,2025-05-11T05:44:00Z,1974-1-1-06,,device_not_recording
1746942300000,2025-05-11T05:45:00Z,1974-1-1-06,,device_not_recording
1746942360000,2025-05-11T05:46:00Z,1974-1-1-06,,device_not_recording
1746942420000,2025-05-11T05:47:00Z,1974-1-1-06,,device_not_recording
1746942480000,2025-05-11T05:48:00Z,1974-1-1-06,,device_not_recording
1746942540000,2025-05-11T05:49:00Z,1974-1-1-06,,device_not_recording
1746942600000,2025-05-11T05:50:00Z,1974-1-1-06,,device_not_recording
1746942660000,2025-05-11T05:51:00Z,1974-1-1-06,,device_not_recording
1746942720000,2025-05-11T05:52:00Z,1974-1-1-06,,device_not_recording
1746942780000,2025-05-11T05:53:00Z,1974-1-1-06,,device_not_recording
1746942840000,2025-05-11T05:54:00Z,1974-1-1-06,,device_not_recording
1746942900000,2025-05-11T05:55:00Z,1974-1-1-06,,device_not_recording
1746942960000,2025-05-11T05:56:00Z,1974-1-1-06,,device_not_recording
1746943020000,2025-05-11T05:57:00Z,1974-1-1-06,,device_not_recording
1746943080000,2025-05-11T05:58:00Z,1974-1-1-06,,device_not_recording
1746943140000,2025-05-11T05:59:00Z,1974-1-1-06,,device_not_recording
1746943200000,2025-05-11T06:00:00Z,1974-1-1-06,,device_not_recording
1746943260000,2025-05-11T06:01:00Z,1974-1-1-06,,device_not_recording
1746943320000,2025-05-11T06:02:00Z,1974-1-1-06,,device_not_recording
1746943380000,2025-05-11T06:03:00Z,1974-1-1-06,,device_not_recording
1746943440000,2025-05-11T06:04:00Z,1974-1-1-06,,device_not_recording
1746943500000,2025-05-11T06:05:00Z,1974-1-1-06,,device_not_recording
1746943560000,2025-05-11T06:06:00Z,1974-1-1-06,,device_not_recording
1746943620000,2025-05-11T06:07:00Z,1974-1-1-06,,device_not_recording
1746943680000,2025-05-11T06:08:00Z,1974-1-1-06,,device_not_recording
1746943740000,2025-05-11T06:09:00Z,1974-1-1-06,,device_not_recording
1746943800000,2025-05-11T06:10:00Z,1974-1-1-06,,device_not_recording
1746943860000,2025-05-11T06:11:00Z,1974-1-1-06,,device_not_recording
1746943920000,2025-05-11T06:12:00Z,1974-1-1-06,,device_not_recording
1746943980000,2025-05-11T06:13:00Z,1974-1-1-06,,device_not_recording
1746944040000,2025-05-11T06:14:00Z,1974-1-1-06,,device_not_recording
1746944100000,2025-05-11T06:15:00Z,1974-1-1-06,,device_not_recording
1746944160000,2025-05-11T06:16:00Z,1974-1-1-06,,device_not_recording
1746944220000,2025-05-11T06:17:00Z,1974-1-1-06,,device_not_recording
1746944280000,2025-05-11T06:18:00Z,1974-1-1-06,,device_not_recording
1746944340000,2025-05-11T06:19:00Z,1974-1-1-06,,device_not_recording
1746944400000,2025-05-11T06:20:00Z,1974-1-1-06,,device_not_recording
1746944460000,2025-05-11T06:21:00Z,1974-1-1-06,,device_not_recording
1746944520000,2025-05-11T06:22:00Z,1974-1-1-06,,device_not_recording
1746944580000,2025-05-11T06:23:00Z,1974-1-1-06,,device_not_recording
1746944640000,2025-05-11T06:24:00Z,1974-1-1-06,,device_not_recording
1746944700000,2025-05-11T06:25:00Z,1974-1-1-06,,device_not_recording
1746944760000,2025-05-11T06:26:00Z,1974-1-1-06,,device_not_recording
1746944820000,2025-05-11T06:27:00Z,1974-1-1-06,,device_not_recording
1746944880000,2025-05-11T06:28:00Z,1974-1-1-06,,device_not_recording
1746944940000,2025-05-11T06:29:00Z,1974-1-1-06,,device_not_recording
1746945000000,2025-05-11T06:30:00Z,1974-1-1-06,,device_not_recording
1746945060000,2025-05-11T06:31:00Z,1974-1-1-06,,device_not_recording
1746945120000,2025-05-11T06:32:00Z,1974-1-1-06,,device_not_recording
1746945180000,2025-05-11T06:33:00Z,1974-1-1-06,,device_not_recording
1746945240000,2025-05-11T06:34:00Z,1974-1-1-06,,device_not_recording
1746945300000,2025-05-11T06:35:00Z,1974-1-1-06,,device_not_recording
1746945360000,2025-05-11T06:36:00Z,1974-1-1-06,,device_not_recording
1746945420000,2025-05-11T06:37:00Z,1974-1-1-06,,device_not_recording
1746945480000,2025-05-11T06:38:00Z,1974-1-1-06,,device_not_recording
1746945540000,2025-05-11T06:39:00Z,1974-1-1-06,,device_not_recording
1746945600000,2025-05-11T06:40:00Z,1974-1-1-06,,device_not_recording
1746945660000,2025-05-11T06:41:00Z,1974-1-1-06,,device_not_recording
1746945720000,2025-05-11T06:42:00Z,1974-1-1-06,,device_not_recording
1746945780000,2025-05-11T06:43:00Z,1974-1-1-06,,device_not_recording
1746945840000,2025-05-11T06:44:00Z,1974-1-1-06,,device_not_recording
1746945900000,2025-05-11T06:45:00Z,1974-1-1-06,,device_not_recording
1746945960000,2025-05-11T06:46:00Z,1974-1-1-06,,device_not_recording
1746946020000,2025-05-11T06:47:00Z,1974-1-1-06,,device_not_recording
1746946080000,2025-05-11T06:48:00Z,1974-1-1-06,,device_not_recording
1746946140000,2025-05-11T06:49:00Z,1974-1-1-06,,device_not_recording
1746946200000,2025-05-11T06:50:00Z,1974-1-1-06,,device_not_recording
1746946260000,2025-05-11T06:51:00Z,1974-1-1-06,,device_not_recording
1746946320000,2025-05-11T06:52:00Z,1974-1-1-06,,device_not_recording
1746946380000,2025-05-11T06:53:00Z,1974-1-1-06,,device_not_recording
1746946440000,2025-05-11T06:54:00Z,1974-1-1-06,,device_not_recording
1746946500000,2025-05-11T06:55:00Z,1974-1-1-06,,device_not_recording
1746946560000,2025-05-11T06:56:00Z,1974-1-1-06,,device_not_recording
1746946620000,2025-05-11T06:57:00Z,1974-1-1-06,,device_not_recording
1746946680000,2025-05-11T06:58:00Z,1974-1-1-06,,device_not_recording
1746946740000,2025-05-11T06:59:00Z,1974-1-1-06,,device_not_recording
1746946800000,2025-05-11T07:00:00Z,1974-1-1-06,,device_not_recording
1746946860000,2025-05-11T07:01:00Z,1974-1-1-06,,device_not_recording
1746946920000,2025-05-11T07:02:00Z,1974-1-1-06,,device_not_recording
1746946980000,2025-05-11T07:03:00Z,1974-1-1-06,,device_not_recording
1746947040000,2025-05-11T07:04:00Z,1974-1-1-06,,device_not_recording
1746947100000,2025-05-11T07:05:00Z,1974-1-1-06,,device_not_recording
1746947160000,2025-05-11T07:06:00Z,1974-1-1-06,,device_not_recording
1746947220000,2025-05-11T07:07:00Z,1974-1-1-06,,device_not_recording
1746947280000,2025-05-11T07:08:00Z,1974-1-1-06,,device_not_recording
1746947340000,2025-05-11T07:09:00Z,1974-1-1-06,,device_not_recording
1746947400000,2025-05-11T07:10:00Z,1974-1-1-06,,device_not_recording
1746947460000,2025-05-11T07:11:00Z,1974-1-1-06,,device_not_recording
1746947520000,2025-05-11T07:12:00Z,1974-1-1-06,,device_not_recording
1746947580000,2025-05-11T07:13:00Z,1974-1-1-06,,device_not_recording
1746947640000,2025-05-11T07:14:00Z,1974-1-1-06,,device_not_recording
1746947700000,2025-05-11T07:15:00Z,1974-1-1-06,,device_not_recording
1746947760000,2025-05-11T07:16:00Z,1974-1-1-06,,device_not_recording
1746947820000,2025-05-11T07:17:00Z,1974-1-1-06,,device_not_recording
1746947880000,2025-05-11T07:18:00Z,1974-1-1-06,,device_not_recording
1746947940000,2025-05-11T07:19:00Z,1974-1-1-06,,device_not_recording
1746948000000,2025-05-11T07:20:00Z,1974-1-1-06,,device_not_recording
1746948060000,2025-05-11T07:21:00Z,1974-1-1-06,,device_not_recording
1746948120000,2025-05-11T07:22:00Z,1974-1-1-06,,device_not_recording
1746948180000,2025-05-11T07:23:00Z,1974-1-1-06,,device_not_recording
1746948240000,2025-05-11T07:24:00Z,1974-1-1-06,,device_not_recording
1746948300000,2025-05-11T07:25:00Z,1974-1-1-06,,device_not_recording
1746948360000,2025-05-11T07:26:00Z,1974-1-1-06,,device_not_recording
1746948420000,2025-05-11T07:27:00Z,1974-1-1-06,,device_not_recording
1746948480000,2025-05-11T07:28:00Z,1974-1-1-06,,device_not_recording
1746948540000,2025-05-11T07:29:00Z,1974-1-1-06,,device_not_recording
1746948600000,2025-05-11T07:30:00Z,1974-1-1-06,,device_not_recording
1746948660000,2025-05-11T07:31:00Z,1974-1-1-06,,device_not_recording
1746948720000,2025-05-11T07:32:00Z,1974-1-1-06,,device_not_recording
1746948780000,2025-05-11T07:33:00Z,1974-1-1-06,,device_not_recording
1746948840000,2025-05-11T07:34:00Z,1974-1-1-06,,device_not_recording
1746948900000,2025-05-11T07:35:00Z,1974-1-1-06,,device_not_recording
1746948960000,2025-05-11T07:36:00Z,1974-1-1-06,,device_not_recording
1746949020000,2025-05-11T07:37:00Z,1974-1-1-06,,device_not_recording
1746949080000,2025-05-11T07:38:00Z,1974-1-1-06,,device_not_recording
1746949140000,2025-05-11T07:39:00Z,1974-1-1-06,,device_not_recording
1746949200000,2025-05-11T07:40:00Z,1974-1-1-06,,device_not_recording
1746949260000,2025-05-11T07:41:00Z,1974-1-1-06,,device_not_recording
1746949320000,2025-05-11T07:42:00Z,1974-1-1-06,,device_not_recording
1746949380000,2025-05-11T07:43:00Z,1974-1-1-06,,device_not_recording
1746949440000,2025-05-11T07:44:00Z,1974-1-1-06,,device_not_recording
1746949500000,2025-05-11T07:45:00Z,1974-1-1-06,,device_not_recording
1746949560000,2025-05-11T07:46:00Z,1974-1-1-06,,device_not_recording
1746949620000,2025-05-11T07:47:00Z,1974-1-1-06,,device_not_recording
1746949680000,2025-05-11T07:48:00Z,1974-1-1-06,,device_not_recording
1746949740000,2025-05-11T07:49:00Z,1974-1-1-06,,device_not_recording
1746949800000,2025-05-11T07:50:00Z,1974-1-1-06,,device_not_recording
1746949860000,2025-05-11T07:51:00Z,1974-1-1-06,,device_not_recording
1746949920000,2025-05-11T07:52:00Z,1974-1-1-06,,device_not_recording
1746949980000,2025-05-11T07:53:00Z,1974-1-1-06,,device_not_recording
1746950040000,2025-05-11T07:54:00Z,1974-1-1-06,,device_not_recording
1746950100000,2025-05-11T07:55:00Z,1974-1-1-06,,device_not_recording
1746950160000,2025-05-11T07:56:00Z,1974-1-1-06,,device_not_recording
1746950220000,2025-05-11T07:57:00Z,1974-1-1-06,,device_not_recording
1746950280000,2025-05-11T07:58:00Z,1974-1-1-06,,device_not_recording
1746950340000,2025-05-11T07:59:00Z,1974-1-1-06,,device_not_recording
1746950400000,2025-05-11T08:00:00Z,1974-1-1-06,,device_not_recording
1746950460000,2025-05-11T08:01:00Z,1974-1-1-06,,device_not_recording
1746950520000,2025-05-11T08:02:00Z,1974-1-1-06,,device_not_recording
1746950580000,2025-05-11T08:03:00Z,1974-1-1-06,,device_not_recording
1746950640000,2025-05-11T08:04:00Z,1974-1-1-06,,device_not_recording
1746950700000,2025-05-11T08:05:00Z,1974-1-1-06,,device_not_recording
1746950760000,2025-05-11T08:06:00Z,1974-1-1-06,,device_not_recording
1746950820000,2025-05-11T08:07:00Z,1974-1-1-06,,device_not_recording
1746950880000,2025-05-11T08:08:00Z,1974-1-1-06,,device_not_recording
1746950940000,2025-05-11T08:09:00Z,1974-1-1-06,,device_not_recording
1746951000000,2025-05-11T08:10:00Z,1974-1-1-06,,device_not_recording
1746951060000,2025-05-11T08:11:00Z,1974-1-1-06,,device_not_recording
1746951120000,2025-05-11T08:12:00Z,1974-1-1-06,,device_not_recording
1746951180000,2025-05-11T08:13:00Z,1974-1-1-06,,device_not_recording
1746951240000,2025-05-11T08:14:00Z,1974-1-1-06,,device_not_recording
1746951300000,2025-05-11T08:15:00Z,1974-1-1-06,,device_not_recording
1746951360000,2025-05-11T08:16:00Z,1974-1-1-06,,device_not_recording
1746951420000,2025-05-11T08:17:00Z,1974-1-1-06,,device_not_recording
1746951480000,2025-05-11T08:18:00Z,1974-1-1-06,,device_not_recording
1746951540000,2025-05-11T08:19:00Z,1974-1-1-06,,device_not_recording
1746951600000,2025-05-11T08:20:00Z,1974-1-1-06,,device_not_recording
1746951660000,2025-05-11T08:21:00Z,1974-1-1-06,,device_not_recording
1746951720000,2025-05-11T08:22:00Z,1974-1-1-06,,device_not_recording
1746951780000,2025-05-11T08:23:00Z,1974-1-1-06,,device_not_recording
1746951840000,2025-05-11T08:24:00Z,1974-1-1-06,,device_not_recording
1746951900000,2025-05-11T08:25:00Z,1974-1-1-06,,device_not_recording
1746951960000,2025-05-11T08:26:00Z,1974-1-1-06,,device_not_recording
1746952020000,2025-05-11T08:27:00Z,1974-1-1-06,,device_not_recording
1746952080000,2025-05-11T08:28:00Z,1974-1-1-06,,device_not_recording
1746952140000,2025-05-11T08:29:00Z,1974-1-1-06,,device_not_recording
1746952200000,2025-05-11T08:30:00Z,1974-1-1-06,,device_not_recording
1746952260000,2025-05-11T08:31:00Z,1974-1-1-06,,device_not_recording
1746952320000,2025-05-11T08:32:00Z,1974-1-1-06,,device_not_recording
1746952380000,2025-05-11T08:33:00Z,1974-1-1-06,,device_not_recording
1746952440000,2025-05-11T08:34:00Z,1974-1-1-06,,device_not_recording
1746952500000,2025-05-11T08:35:00Z,1974-1-1-06,,device_not_recording
1746952560000,2025-05-11T08:36:00Z,1974-1-1-06,,device_not_recording
1746952620000,2025-05-11T08:37:00Z,1974-1-1-06,,device_not_recording
1746952680000,2025-05-11T08:38:00Z,1974-1-1-06,,device_not_recording
1746952740000,2025-05-11T08:39:00Z,1974-1-1-06,,device_not_recording
1746952800000,2025-05-11T08:40:00Z,1974-1-1-06,,device_not_recording
1746952860000,2025-05-11T08:41:00Z,1974-1-1-06,,device_not_recording
1746952920000,2025-05-11T08:42:00Z,1974-1-1-06,,device_not_recording
1746952980000,2025-05-11T08:43:00Z,1974-1-1-06,,device_not_recording
1746953040000,2025-05-11T08:44:00Z,1974-1-1-06,,device_not_recording
1746953100000,2025-05-11T08:45:00Z,1974-1-1-06,,device_not_recording
1746953160000,2025-05-11T08:46:00Z,1974-1-1-06,,device_not_recording
1746953220000,2025-05-11T08:47:00Z,1974-1-1-06,,device_not_recording
1746953280000,2025-05-11T08:48:00Z,1974-1-1-06,,device_not_recording
1746953340000,2025-05-11T08:49:00Z,1974-1-1-06,,device_not_recording
1746953400000,2025-05-11T08:50:00Z,1974-1-1-06,,device_not_recording
1746953460000,2025-05-11T08:51:00Z,1974-1-1-06,,device_not_recording
1746953520000,2025-05-11T08:52:00Z,1974-1-1-06,,device_not_recording
1746953580000,2025-05-11T08:53:00Z,1974-1-1-06,,device_not_recording
1746953640000,2025-05-11T08:54:00Z,1974-1-1-06,,device_not_recording
1746953700000,2025-05-11T08:55:00Z,1974-1-1-06,,device_not_recording
1746953760000,2025-05-11T08:56:00Z,1974-1-1-06,,device_not_recording
1746953820000,2025-05-11T08:57:00Z,1974-1-1-06,,device_not_recording
1746953880000,2025-05-11T08:58:00Z,1974-1-1-06,,device_not_recording
1746953940000,2025-05-11T08:59:00Z,1974-1-1-06,,device_not_recording
1746954000000,2025-05-11T09:00:00Z,1974-1-1-06,,device_not_recording
1746954060000,2025-05-11T09:01:00Z,1974-1-1-06,,device_not_recording
1746954120000,2025-05-11T09:02:00Z,1974-1-1-06,,device_not_recording
1746954180000,2025-05-11T09:03:00Z,1974-1-1-06,,device_not_recording
1746954240000,2025-05-11T09:04:00Z,1974-1-1-06,,device_not_recording
1746954300000,2025-05-11T09:05:00Z,1974-1-1-06,,device_not_recording
1746954360000,2025-05-11T09:06:00Z,1974-1-1-06,,device_not_recording
1746954420000,2025-05-11T09:07:00Z,1974-1-1-06,,device_not_recording
1746954480000,2025-05-11T09:08:00Z,1974-1-1-06,,device_not_recording
1746954540000,2025-05-11T09:09:00Z,1974-1-1-06,,device_not_recording
1746954600000,2025-05-11T09:10:00Z,1974-1-1-06,,device_not_recording
1746954660000,2025-05-11T09:11:00Z,1974-1-1-06,,device_not_recording
1746954720000,2025-05-11T09:12:00Z,1974-1-1-06,,device_not_recording
1746954780000,2025-05-11T09:13:00Z,1974-1-1-06,,device_not_recording
1746954840000,2025-05-11T09:14:00Z,1974-1-1-06,,device_not_recording
1746954900000,2025-05-11T09:15:00Z,1974-1-1-06,,device_not_recording
1746954960000,2025-05-11T09:16:00Z,1974-1-1-06,,device_not_recording
1746955020000,2025-05-11T09:17:00Z,1974-1-1-06,,device_not_recording
1746955080000,2025-05-11T09:18:00Z,1974-1-1-06,,device_not_recording
1746955140000,2025-05-11T09:19:00Z,1974-1-1-06,,device_not_recording
1746955200000,2025-05-11T09:20:00Z,1974-1-1-06,,device_not_recording
1746955260000,2025-05-11T09:21:00Z,1974-1-1-06,,device_not_recording
1746955320000,2025-05-11T09:22:00Z,1974-1-1-06,,device_not_recording
1746955380000,2025-05-11T09:23:00Z,1974-1-1-06,,device_not_recording
1746955440000,2025-05-11T09:24:00Z,1974-1-1-06,,device_not_recording
1746955500000,2025-05-11T09:25:00Z,1974-1-1-06,,device_not_recording
1746955560000,2025-05-11T09:26:00Z,1974-1-1-06,,device_not_recording
1746955620000,2025-05-11T09:27:00Z,1974-1-1-06,,device_not_recording
1746955680000,2025-05-11T09:28:00Z,1974-1-1-06,,device_not_recording
1746955740000,2025-05-11T09:29:00Z,1974-1-1-06,,device_not_recording
1746955800000,2025-05-11T09:30:00Z,1974-1-1-06,,device_not_recording
1746955860000,2025-05-11T09:31:00Z,1974-1-1-06,,device_not_recording
1746955920000,2025-05-11T09:32:00Z,1974-1-1-06,,device_not_recording
1746955980000,2025-05-11T09:33:00Z,1974-1-1-06,,device_not_recording
1746956040000,2025-05-11T09:34:00Z,1974-1-1-06,,device_not_recording
1746956100000,2025-05-11T09:35:00Z,1974-1-1-06,,device_not_recording
1746956160000,2025-05-11T09:36:00Z,1974-1-1-06,,device_not_recording
1746956220000,2025-05-11T09:37:00Z,1974-1-1-06,,device_not_recording
1746956280000,2025-05-11T09:38:00Z,1974-1-1-06,,device_not_recording
1746956340000,2025-05-11T09:39:00Z,1974-1-1-06,,device_not_recording
1746956400000,2025-05-11T09:40:00Z,1974-1-1-06,,device_not_recording
1746956460000,2025-05-11T09:41:00Z,1974-1-1-06,,device_not_recording
1746956520000,2025-05-11T09:42:00Z,1974-1-1-06,,device_not_recording
1746956580000,2025-05-11T09:43:00Z,1974-1-1-06,,device_not_recording
1746956640000,2025-05-11T09:44:00Z,1974-1-1-06,,device_not_recording
1746956700000,2025-05-11T09:45:00Z,1974-1-1-06,,device_not_recording
1746956760000,2025-05-11T09:46:00Z,1974-1-1-06,,device_not_recording
1746956820000,2025-05-11T09:47:00Z,1974-1-1-06,,device_not_recording
1746956880000,2025-05-11T09:48:00Z,1974-1-1-06,,device_not_recording
1746956940000,2025-05-11T09:49:00Z,1974-1-1-06,,device_not_recording
1746957000000,2025-05-11T09:50:00Z,1974-1-1-06,,device_not_recording
1746957060000,2025-05-11T09:51:00Z,1974-1-1-06,,device_not_recording
1746957120000,2025-05-11T09:52:00Z,1974-1-1-06,,device_not_recording
1746957180000,2025-05-11T09:53:00Z,1974-1-1-06,,device_not_recording
1746957240000,2025-05-11T09:54:00Z,1974-1-1-06,,device_not_recording
1746957300000,2025-05-11T09:55:00Z,1974-1-1-06,,device_not_recording
1746957360000,2025-05-11T09:56:00Z,1974-1-1-06,,device_not_recording
1746957420000,2025-05-11T09:57:00Z,1974-1-1-06,,device_not_recording
1746957480000,2025-05-11T09:58:00Z,1974-1-1-06,,device_not_recording
1746957540000,2025-05-11T09:59:00Z,1974-1-1-06,,device_not_recording
1746957600000,2025-05-11T10:00:00Z,1974-1-1-06,,device_not_recording
1746957660000,2025-05-11T10:01:00Z,1974-1-1-06,,device_not_recording
1746957720000,2025-05-11T10:02:00Z,1974-1-1-06,,device_not_recording
1746957780000,2025-05-11T10:03:00Z,1974-1-1-06,,device_not_recording
1746957840000,2025-05-11T10:04:00Z,1974-1-1-06,,device_not_recording
1746957900000,2025-05-11T10:05:00Z,1974-1-1-06,,device_not_recording
1746957960000,2025-05-11T10:06:00Z,1974-1-1-06,,device_not_recording
1746958020000,2025-05-11T10:07:00Z,1974-1-1-06,,device_not_recording
1746958080000,2025-05-11T10:08:00Z,1974-1-1-06,,device_not_recording
1746958140000,2025-05-11T10:09:00Z,1974-1-1-06,,device_not_recording
1746958200000,2025-05-11T10:10:00Z,1974-1-1-06,,device_not_recording
1746958260000,2025-05-11T10:11:00Z,1974-1-1-06,,device_not_recording
1746958320000,2025-05-11T10:12:00Z,1974-1-1-06,,device_not_recording
1746958380000,2025-05-11T10:13:00Z,1974-1-1-06,,device_not_recording
1746958440000,2025-05-11T10:14:00Z,1974-1-1-06,,device_not_recording
1746958500000,2025-05-11T10:15:00Z,1974-1-1-06,,device_not_recording
1746958560000,2025-05-11T10:16:00Z,1974-1-1-06,,device_not_recording
1746958620000,2025-05-11T10:17:00Z,1974-1-1-06,,device_not_recording
1746958680000,2025-05-11T10:18:00Z,1974-1-1-06,,device_not_recording
1746958740000,2025-05-11T10:19:00Z,1974-1-1-06,,device_not_recording
1746958800000,2025-05-11T10:20:00Z,1974-1-1-06,,device_not_recording
1746958860000,2025-05-11T10:21:00Z,1974-1-1-06,,device_not_recording
1746958920000,2025-05-11T10:22:00Z,1974-1-1-06,,device_not_recording
1746958980000,2025-05-11T10:23:00Z,1974-1-1-06,,device_not_recording
1746959040000,2025-05-11T10:24:00Z,1974-1-1-06,,device_not_recording
1746959100000,2025-05-11T10:25:00Z,1974-1-1-06,,device_not_recording
1746959160000,2025-05-11T10:26:00Z,1974-1-1-06,,device_not_recording
1746959220000,2025-05-11T10:27:00Z,1974-1-1-06,,device_not_recording
1746959280000,2025-05-11T10:28:00Z,1974-1-1-06,,device_not_recording
1746959340000,2025-05-11T10:29:00Z,1974-1-1-06,,device_not_recording
1746959400000,2025-05-11T10:30:00Z,1974-1-1-06,,device_not_recording
1746959460000,2025-05-11T10:31:00Z,1974-1-1-06,,device_not_recording
1746959520000,2025-05-11T10:32:00Z,1974-1-1-06,,device_not_recording
1746959580000,2025-05-11T10:33:00Z,1974-1-1-06,,device_not_recording
1746959640000,2025-05-11T10:34:00Z,1974-1-1-06,,device_not_recording
1746959700000,2025-05-11T10:35:00Z,1974-1-1-06,,device_not_recording
1746959760000,2025-05-11T10:36:00Z,1974-1-1-06,,device_not_recording
1746959820000,2025-05-11T10:37:00Z,1974-1-1-06,,device_not_recording
1746959880000,2025-05-11T10:38:00Z,1974-1-1-06,,device_not_recording
1746959940000,2025-05-11T10:39:00Z,1974-1-1-06,,device_not_recording
1746960000000,2025-05-11T10:40:00Z,1974-1-1-06,,device_not_recording
1746960060000,2025-05-11T10:41:00Z,1974-1-1-06,,device_not_recording
1746960120000,2025-05-11T10:42:00Z,1974-1-1-06,,device_not_recording
1746960180000,2025-05-11T10:43:00Z,1974-1-1-06,,device_not_recording
1746960240000,2025-05-11T10:44:00Z,1974-1-1-06,,device_not_recording
1746960300000,2025-05-11T10:45:00Z,1974-1-1-06,,device_not_recording
1746960360000,2025-05-11T10:46:00Z,1974-1-1-06,,device_not_recording
1746960420000,2025-05-11T10:47:00Z,1974-1-1-06,,device_not_recording
1746960480000,2025-05-11T10:48:00Z,1974-1-1-06,,device_not_recording
1746960540000,2025-05-11T10:49:00Z,1974-1-1-06,,device_not_recording
1746960600000,2025-05-11T10:50:00Z,1974-1-1-06,,device_not_recording
1746960660000,2025-05-11T10:51:00Z,1974-1-1-06,,device_not_recording
1746960720000,2025-05-11T10:52:00Z,1974-1-1-06,,device_not_recording
1746960780000,2025-05-11T10:53:00Z,1974-1-1-06,,device_not_recording
1746960840000,2025-05-11T10:54:00Z,1974-1-1-06,,device_not_recording
1746960900000,2025-05-11T10:55:00Z,1974-1-1-06,,device_not_recording
1746960960000,2025-05-11T10:56:00Z,1974-1-1-06,,device_not_recording
1746961020000,2025-05-11T10:57:00Z,1974-1-1-06,,device_not_recording
1746961080000,2025-05-11T10:58:00Z,1974-1-1-06,,device_not_recording
1746961140000,2025-05-11T10:59:00Z,1974-1-1-06,,device_not_recording
1746961200000,2025-05-11T11:00:00Z,1974-1-1-06,,device_not_recording
1746961260000,2025-05-11T11:01:00Z,1974-1-1-06,,device_not_recording
1746961320000,2025-05-11T11:02:00Z,1974-1-1-06,,device_not_recording
1746961380000,2025-05-11T11:03:00Z,1974-1-1-06,,device_not_recording
1746961440000,2025-05-11T11:04:00Z,1974-1-1-06,,device_not_recording
1746961500000,2025-05-11T11:05:00Z,1974-1-1-06,,device_not_recording
1746961560000,2025-05-11T11:06:00Z,1974-1-1-06,,device_not_recording
1746961620000,2025-05-11T11:07:00Z,1974-1-1-06,,device_not_recording
1746961680000,2025-05-11T11:08:00Z,1974-1-1-06,,device_not_recording
1746961740000,2025-05-11T11:09:00Z,1974-1-1-06,,device_not_recording
1746961800000,2025-05-11T11:10:00Z,1974-1-1-06,,device_not_recording
1746961860000,2025-05-11T11:11:00Z,1974-1-1-06,,device_not_recording
1746961920000,2025-05-11T11:12:00Z,1974-1-1-06,,device_not_recording
1746961980000,2025-05-11T11:13:00Z,1974-1-1-06,,device_not_recording
1746962040000,2025-05-11T11:14:00Z,1974-1-1-06,,device_not_recording
1746962100000,2025-05-11T11:15:00Z,1974-1-1-06,,device_not_recording
1746962160000,2025-05-11T11:16:00Z,1974-1-1-06,,device_not_recording
1746962220000,2025-05-11T11:17:00Z,1974-1-1-06,,device_not_recording
1746962280000,2025-05-11T11:18:00Z,1974-1-1-06,,device_not_recording
1746962340000,2025-05-11T11:19:00Z,1974-1-1-06,,device_not_recording
1746962400000,2025-05-11T11:20:00Z,1974-1-1-06,,device_not_recording
1746962460000,2025-05-11T11:21:00Z,1974-1-1-06,,device_not_recording
1746962520000,2025-05-11T11:22:00Z,1974-1-1-06,,device_not_recording
1746962580000,2025-05-11T11:23:00Z,1974-1-1-06,,device_not_recording
1746962640000,2025-05-11T11:24:00Z,1974-1-1-06,,device_not_recording
1746962700000,2025-05-11T11:25:00Z,1974-1-1-06,,device_not_recording
1746962760000,2025-05-11T11:26:00Z,1974-1-1-06,,device_not_recording
1746962820000,2025-05-11T11:27:00Z,1974-1-1-06,,device_not_recording
1746962880000,2025-05-11T11:28:00Z,1974-1-1-06,,device_not_recording
1746962940000,2025-05-11T11:29:00Z,1974-1-1-06,,device_not_recording
1746963000000,2025-05-11T11:30:00Z,1974-1-1-06,,device_not_recording
1746963060000,2025-05-11T11:31:00Z,1974-1-1-06,,device_not_recording
1746963120000,2025-05-11T11:32:00Z,1974-1-1-06,,device_not_recording
1746963180000,2025-05-11T11:33:00Z,1974-1-1-06,,device_not_recording
1746963240000,2025-05-11T11:34:00Z,1974-1-1-06,,device_not_recording
1746963300000,2025-05-11T11:35:00Z,1974-1-1-06,,device_not_recording
1746963360000,2025-05-11T11:36:00Z,1974-1-1-06,,device_not_recording
1746963420000,2025-05-11T11:37:00Z,1974-1-1-06,,device_not_recording
1746963480000,2025-05-11T11:38:00Z,1974-1-1-06,,device_not_recording
1746963540000,2025-05-11T11:39:00Z,1974-1-1-06,,device_not_recording
1746963600000,2025-05-11T11:40:00Z,1974-1-1-06,,device_not_recording
1746963660000,2025-05-11T11:41:00Z,1974-1-1-06,,device_not_recording
1746963720000,2025-05-11T11:42:00Z,1974-1-1-06,,device_not_recording
1746963780000,2025-05-11T11:43:00Z,1974-1-1-06,,device_not_recording
1746963840000,2025-05-11T11:44:00Z,1974-1-1-06,,device_not_recording
1746963900000,2025-05-11T11:45:00Z,1974-1-1-06,,device_not_recording
1746963960000,2025-05-11T11:46:00Z,1974-1-1-06,,device_not_recording
1746964020000,2025-05-11T11:47:00Z,1974-1-1-06,,device_not_recording
1746964080000,2025-05-11T11:48:00Z,1974-1-1-06,,device_not_recording
1746964140000,2025-05-11T11:49:00Z,1974-1-1-06,,device_not_recording
1746964200000,2025-05-11T11:50:00Z,1974-1-1-06,,device_not_recording
1746964260000,2025-05-11T11:51:00Z,1974-1-1-06,,device_not_recording
1746964320000,2025-05-11T11:52:00Z,1974-1-1-06,,device_not_recording
1746964380000,2025-05-11T11:53:00Z,1974-1-1-06,,device_not_recording
1746964440000,2025-05-11T11:54:00Z,1974-1-1-06,,device_not_recording
1746964500000,2025-05-11T11:55:00Z,1974-1-1-06,,device_not_recording
1746964560000,2025-05-11T11:56:00Z,1974-1-1-06,,device_not_recording
1746964620000,2025-05-11T11:57:00Z,1974-1-1-06,,device_not_recording
1746964680000,2025-05-11T11:58:00Z,1974-1-1-06,,device_not_recording
1746964740000,2025-05-11T11:59:00Z,1974-1-1-06,,device_not_recording
1746964800000,2025-05-11T12:00:00Z,1974-1-1-06,,device_not_recording
1746964860000,2025-05-11T12:01:00Z,1974-1-1-06,,device_not_recording
1746964920000,2025-05-11T12:02:00Z,1974-1-1-06,,device_not_recording
1746964980000,2025-05-11T12:03:00Z,1974-1-1-06,,device_not_recording
1746965040000,2025-05-11T12:04:00Z,1974-1-1-06,,device_not_recording
1746965100000,2025-05-11T12:05:00Z,1974-1-1-06,,device_not_recording
1746965160000,2025-05-11T12:06:00Z,1974-1-1-06,,device_not_recording
1746965220000,2025-05-11T12:07:00Z,1974-1-1-06,,device_not_recording
1746965280000,2025-05-11T12:08:00Z,1974-1-1-06,,device_not_recording
1746965340000,2025-05-11T12:09:00Z,1974-1-1-06,,device_not_recording
1746965400000,2025-05-11T12:10:00Z,1974-1-1-06,,device_not_recording
1746965460000,2025-05-11T12:11:00Z,1974-1-1-06,,device_not_recording
1746965520000,2025-05-11T12:12:00Z,1974-1-1-06,,device_not_recording
1746965580000,2025-05-11T12:13:00Z,1974-1-1-06,,device_not_recording
1746965640000,2025-05-11T12:14:00Z,1974-1-1-06,,device_not_recording
1746965700000,2025-05-11T12:15:00Z,1974-1-1-06,,device_not_recording
1746965760000,2025-05-11T12:16:00Z,1974-1-1-06,,device_not_recording
1746965820000,2025-05-11T12:17:00Z,1974-1-1-06,,device_not_recording
1746965880000,2025-05-11T12:18:00Z,1974-1-1-06,,device_not_recording
1746965940000,2025-05-11T12:19:00Z,1974-1-1-06,,device_not_recording
1746966000000,2025-05-11T12:20:00Z,1974-1-1-06,,device_not_recording
1746966060000,2025-05-11T12:21:00Z,1974-1-1-06,,device_not_recording
1746966120000,2025-05-11T12:22:00Z,1974-1-1-06,,device_not_recording
1746966180000,2025-05-11T12:23:00Z,1974-1-1-06,,device_not_recording
1746966240000,2025-05-11T12:24:00Z,1974-1-1-06,,device_not_recording
1746966300000,2025-05-11T12:25:00Z,1974-1-1-06,,device_not_recording
1746966360000,2025-05-11T12:26:00Z,1974-1-1-06,,device_not_recording
1746966420000,2025-05-11T12:27:00Z,1974-1-1-06,,device_not_recording
1746966480000,2025-05-11T12:28:00Z,1974-1-1-06,,device_not_recording
1746966540000,2025-05-11T12:29:00Z,1974-1-1-06,,device_not_recording
1746966600000,2025-05-11T12:30:00Z,1974-1-1-06,,device_not_recording
1746966660000,2025-05-11T12:31:00Z,1974-1-1-06,,device_not_recording
1746966720000,2025-05-11T12:32:00Z,1974-1-1-06,,device_not_recording
1746966780000,2025-05-11T12:33:00Z,1974-1-1-06,,device_not_recording
1746966840000,2025-05-11T12:34:00Z,1974-1-1-06,,device_not_recording
1746966900000,2025-05-11T12:35:00Z,1974-1-1-06,,device_not_recording
1746966960000,2025-05-11T12:36:00Z,1974-1-1-06,,device_not_recording
1746967020000,2025-05-11T12:37:00Z,1974-1-1-06,,device_not_recording
1746967080000,2025-05-11T12:38:00Z,1974-1-1-06,,device_not_recording
1746967140000,2025-05-11T12:39:00Z,1974-1-1-06,,device_not_recording
1746967200000,2025-05-11T12:40:00Z,1974-1-1-06,,device_not_recording
1746967260000,2025-05-11T12:41:00Z,1974-1-1-06,,device_not_recording
1746967320000,2025-05-11T12:42:00Z,1974-1-1-06,,device_not_recording
1746967380000,2025-05-11T12:43:00Z,1974-1-1-06,,device_not_recording
1746967440000,2025-05-11T12:44:00Z,1974-1-1-06,,device_not_recording
1746967500000,2025-05-11T12:45:00Z,1974-1-1-06,,device_not_recording
1746967560000,2025-05-11T12:46:00Z,1974-1-1-06,,device_not_recording
1746967620000,2025-05-11T12:47:00Z,1974-1-1-06,,device_not_recording
1746967680000,2025-05-11T12:48:00Z,1974-1-1-06,,device_not_recording
1746967740000,2025-05-11T12:49:00Z,1974-1-1-06,,device_not_recording
1746967800000,2025-05-11T12:50:00Z,1974-1-1-06,,device_not_recording
1746967860000,2025-05-11T12:51:00Z,1974-1-1-06,,device_not_recording
1746967920000,2025-05-11T12:52:00Z,1974-1-1-06,,device_not_recording
1746967980000,2025-05-11T12:53:00Z,1974-1-1-06,,device_not_recording
1746968040000,2025-05-11T12:54:00Z,1974-1-1-06,,device_not_recording
1746968100000,2025-05-11T12:55:00Z,1974-1-1-06,,device_not_recording
1746968160000,2025-05-11T12:56:00Z,1974-1-1-06,,device_not_recording
1746968220000,2025-05-11T12:57:00Z,1974-1-1-06,,device_not_recording
1746968280000,2025-05-11T12:58:00Z,1974-1-1-06,,device_not_recording
1746968340000,2025-05-11T12:59:00Z,1974-1-1-06,,device_not_recording
1746968400000,2025-05-11T13:00:00Z,1974-1-1-06,,device_not_recording
1746968460000,2025-05-11T13:01:00Z,1974-1-1-06,,device_not_recording
1746968520000,2025-05-11T13:02:00Z,1974-1-1-06,,device_not_recording
1746968580000,2025-05-11T13:03:00Z,1974-1-1-06,,device_not_recording
1746968640000,2025-05-11T13:04:00Z,1974-1-1-06,,device_not_recording
1746968700000,2025-05-11T13:05:00Z,1974-1-1-06,,device_not_recording
1746968760000,2025-05-11T13:06:00Z,1974-1-1-06,,device_not_recording
1746968820000,2025-05-11T13:07:00Z,1974-1-1-06,,device_not_recording
1746968880000,2025-05-11T13:08:00Z,1974-1-1-06,,device_not_recording
1746968940000,2025-05-11T13:09:00Z,1974-1-1-06,,device_not_recording
1746969000000,2025-05-11T13:10:00Z,1974-1-1-06,,device_not_recording
1746969060000,2025-05-11T13:11:00Z,1974-1-1-06,,device_not_recording
1746969120000,2025-05-11T13:12:00Z,1974-1-1-06,,device_not_recording
1746969180000,2025-05-11T13:13:00Z,1974-1-1-06,,device_not_recording
1746969240000,2025-05-11T13:14:00Z,1974-1-1-06,,device_not_recording
1746969300000,2025-05-11T13:15:00Z,1974-1-1-06,,device_not_recording
1746969360000,2025-05-11T13:16:00Z,1974-1-1-06,,device_not_recording
1746969420000,2025-05-11T13:17:00Z,1974-1-1-06,,device_not_recording
1746969480000,2025-05-11T13:18:00Z,1974-1-1-06,,device_not_recording
1746969540000,2025-05-11T13:19:00Z,1974-1-1-06,,device_not_recording
1746969600000,2025-05-11T13:20:00Z,1974-1-1-06,,device_not_recording
1746969660000,2025-05-11T13:21:00Z,1974-1-1-06,,device_not_recording
1746969720000,2025-05-11T13:22:00Z,1974-1-1-06,,device_not_recording
1746969780000,2025-05-11T13:23:00Z,1974-1-1-06,,device_not_recording
1746969840000,2025-05-11T13:24:00Z,1974-1-1-06,,device_not_recording
1746969900000,2025-05-11T13:25:00Z,1974-1-1-06,,device_not_recording
1746969960000,2025-05-11T13:26:00Z,1974-1-1-06,,device_not_recording
1746970020000,2025-05-11T13:27:00Z,1974-1-1-06,,device_not_recording
1746970080000,2025-05-11T13:28:00Z,1974-1-1-06,,device_not_recording
1746970140000,2025-05-11T13:29:00Z,1974-1-1-06,,device_not_recording
1746970200000,2025-05-11T13:30:00Z,1974-1-1-06,,device_not_recording
1746970260000,2025-05-11T13:31:00Z,1974-1-1-06,,device_not_recording
1746970320000,2025-05-11T13:32:00Z,1974-1-1-06,,device_not_recording
1746970380000,2025-05-11T13:33:00Z,1974-1-1-06,,device_not_recording
1746970440000,2025-05-11T13:34:00Z,1974-1-1-06,,device_not_recording
1746970500000,2025-05-11T13:35:00Z,1974-1-1-06,,device_not_recording
1746970560000,2025-05-11T13:36:00Z,1974-1-1-06,,device_not_recording
1746970620000,2025-05-11T13:37:00Z,1974-1-1-06,,device_not_recording
1746970680000,2025-05-11T13:38:00Z,1974-1-1-06,,device_not_recording
1746970740000,2025-05-11T13:39:00Z,1974-1-1-06,,device_not_recording
1746970800000,2025-05-11T13:40:00Z,1974-1-1-06,,device_not_recording
1746970860000,2025-05-11T13:41:00Z,1974-1-1-06,,device_not_recording
1746970920000,2025-05-11T13:42:00Z,1974-1-1-06,,device_not_recording
1746970980000,2025-05-11T13:43:00Z,1974-1-1-06,,device_not_recording
1746971040000,2025-05-11T13:44:00Z,1974-1-1-06,,device_not_recording
1746971100000,2025-05-11T13:45:00Z,1974-1-1-06,,device_not_recording
1746971160000,2025-05-11T13:46:00Z,1974-1-1-06,,device_not_recording
1746971220000,2025-05-11T13:47:00Z,1974-1-1-06,,device_not_recording
1746971280000,2025-05-11T13:48:00Z,1974-1-1-06,,device_not_recording
1746971340000,2025-05-11T13:49:00Z,1974-1-1-06,,device_not_recording
1746971400000,2025-05-11T13:50:00Z,1974-1-1-06,,device_not_recording
1746971460000,2025-05-11T13:51:00Z,1974-1-1-06,,device_not_recording
1746971520000,2025-05-11T13:52:00Z,1974-1-1-06,,device_not_recording
1746971580000,2025-05-11T13:53:00Z,1974-1-1-06,,device_not_recording
1746971640000,2025-05-11T13:54:00Z,1974-1-1-06,,device_not_recording
1746971700000,2025-05-11T13:55:00Z,1974-1-1-06,,device_not_recording
1746971760000,2025-05-11T13:56:00Z,1974-1-1-06,,device_not_recording
1746971820000,2025-05-11T13:57:00Z,1974-1-1-06,,device_not_recording
1746971880000,2025-05-11T13:58:00Z,1974-1-1-06,,device_not_recording
1746971940000,2025-05-11T13:59:00Z,1974-1-1-06,,device_not_recording
1746972000000,2025-05-11T14:00:00Z,1974-1-1-06,,device_not_recording
1746972060000,2025-05-11T14:01:00Z,1974-1-1-06,,device_not_recording
1746972120000,2025-05-11T14:02:00Z,1974-1-1-06,,device_not_recording
1746972180000,2025-05-11T14:03:00Z,1974-1-1-06,,device_not_recording
1746972240000,2025-05-11T14:04:00Z,1974-1-1-06,,device_not_recording
1746972300000,2025-05-11T14:05:00Z,1974-1-1-06,,device_not_recording
1746972360000,2025-05-11T14:06:00Z,1974-1-1-06,,device_not_recording
1746972420000,2025-05-11T14:07:00Z,1974-1-1-06,,device_not_recording
1746972480000,2025-05-11T14:08:00Z,1974-1-1-06,,device_not_recording
1746972540000,2025-05-11T14:09:00Z,1974-1-1-06,,device_not_recording
1746972600000,2025-05-11T14:10:00Z,1974-1-1-06,,device_not_recording
1746972660000,2025-05-11T14:11:00Z,1974-1-1-06,,device_not_recording
1746972720000,2025-05-11T14:12:00Z,1974-1-1-06,,device_not_recording
1746972780000,2025-05-11T14:13:00Z,1974-1-1-06,,device_not_recording
1746972840000,2025-05-11T14:14:00Z,1974-1-1-06,,device_not_recording
1746972900000,2025-05-11T14:15:00Z,1974-1-1-06,,device_not_recording
1746972960000,2025-05-11T14:16:00Z,1974-1-1-06,,device_not_recording
1746973020000,2025-05-11T14:17:00Z,1974-1-1-06,,device_not_recording
1746973080000,2025-05-11T14:18:00Z,1974-1-1-06,,device_not_recording
1746973140000,2025-05-11T14:19:00Z,1974-1-1-06,,device_not_recording
1746973200000,2025-05-11T14:20:00Z,1974-1-1-06,,device_not_recording
1746973260000,2025-05-11T14:21:00Z,1974-1-1-06,,device_not_recording
1746973320000,2025-05-11T14:22:00Z,1974-1-1-06,,device_not_recording
1746973380000,2025-05-11T14:23:00Z,1974-1-1-06,,device_not_recording
1746973440000,2025-05-11T14:24:00Z,1974-1-1-06,,device_not_recording
1746973500000,2025-05-11T14:25:00Z,1974-1-1-06,,device_not_recording
1746973560000,2025-05-11T14:26:00Z,1974-1-1-06,,device_not_recording
1746973620000,2025-05-11T14:27:00Z,1974-1-1-06,,device_not_recording
1746973680000,2025-05-11T14:28:00Z,1974-1-1-06,,device_not_recording
1746973740000,2025-05-11T14:29:00Z,1974-1-1-06,,device_not_recording
1746973800000,2025-05-11T14:30:00Z,1974-1-1-06,,device_not_recording
1746973860000,2025-05-11T14:31:00Z,1974-1-1-06,,device_not_recording
1746973920000,2025-05-11T14:32:00Z,1974-1-1-06,,device_not_recording
1746973980000,2025-05-11T14:33:00Z,1974-1-1-06,,device_not_recording
1746974040000,2025-05-11T14:34:00Z,1974-1-1-06,,device_not_recording
1746974100000,2025-05-11T14:35:00Z,1974-1-1-06,,device_not_recording
1746974160000,2025-05-11T14:36:00Z,1974-1-1-06,,device_not_recording
1746974220000,2025-05-11T14:37:00Z,1974-1-1-06,,device_not_recording
1746974280000,2025-05-11T14:38:00Z,1974-1-1-06,,device_not_recording
1746974340000,2025-05-11T14:39:00Z,1974-1-1-06,,device_not_recording
1746974400000,2025-05-11T14:40:00Z,1974-1-1-06,,device_not_recording
1746974460000,2025-05-11T14:41:00Z,1974-1-1-06,,device_not_recording
1746974520000,2025-05-11T14:42:00Z,1974-1-1-06,,device_not_recording
1746974580000,2025-05-11T14:43:00Z,1974-1-1-06,,device_not_recording
1746974640000,2025-05-11T14:44:00Z,1974-1-1-06,,device_not_recording
1746974700000,2025-05-11T14:45:00Z,1974-1-1-06,,device_not_recording
1746974760000,2025-05-11T14:46:00Z,1974-1-1-06,,device_not_recording
1746974820000,2025-05-11T14:47:00Z,1974-1-1-06,,device_not_recording
1746974880000,2025-05-11T14:48:00Z,1974-1-1-06,,device_not_recording
1746974940000,2025-05-11T14:49:00Z,1974-1-1-06,,device_not_recording
1746975000000,2025-05-11T14:50:00Z,1974-1-1-06,,device_not_recording
1746975060000,2025-05-11T14:51:00Z,1974-1-1-06,,device_not_recording
1746975120000,2025-05-11T14:52:00Z,1974-1-1-06,,device_not_recording
1746975180000,2025-05-11T14:53:00Z,1974-1-1-06,,device_not_recording
1746975240000,2025-05-11T14:54:00Z,1974-1-1-06,,device_not_recording
1746975300000,2025-05-11T14:55:00Z,1974-1-1-06,,device_not_recording
1746975360000,2025-05-11T14:56:00Z,1974-1-1-06,,device_not_recording
1746975420000,2025-05-11T14:57:00Z,1974-1-1-06,,device_not_recording
1746975480000,2025-05-11T14:58:00Z,1974-1-1-06,,device_not_recording
1746975540000,2025-05-11T14:59:00Z,1974-1-1-06,,device_not_recording
1746975600000,2025-05-11T15:00:00Z,1974-1-1-06,,device_not_recording
1746975660000,2025-05-11T15:01:00Z,1974-1-1-06,,device_not_recording
1746975720000,2025-05-11T15:02:00Z,1974-1-1-06,,device_not_recording
1746975780000,2025-05-11T15:03:00Z,1974-1-1-06,,device_not_recording
1746975840000,2025-05-11T15:04:00Z,1974-1-1-06,,device_not_recording
1746975900000,2025-05-11T15:05:00Z,1974-1-1-06,,device_not_recording
1746975960000,2025-05-11T15:06:00Z,1974-1-1-06,,device_not_recording
1746976020000,2025-05-11T15:07:00Z,1974-1-1-06,,device_not_recording
1746976080000,2025-05-11T15:08:00Z,1974-1-1-06,,device_not_recording
1746976140000,2025-05-11T15:09:00Z,1974-1-1-06,,device_not_recording
1746976200000,2025-05-11T15:10:00Z,1974-1-1-06,,device_not_recording
1746976260000,2025-05-11T15:11:00Z,1974-1-1-06,,device_not_recording
1746976320000,2025-05-11T15:12:00Z,1974-1-1-06,,device_not_recording
1746976380000,2025-05-11T15:13:00Z,1974-1-1-06,,device_not_recording
1746976440000,2025-05-11T15:14:00Z,1974-1-1-06,,device_not_recording
1746976500000,2025-05-11T15:15:00Z,1974-1-1-06,,device_not_recording
1746976560000,2025-05-11T15:16:00Z,1974-1-1-06,,device_not_recording
1746976620000,2025-05-11T15:17:00Z,1974-1-1-06,,device_not_recording
1746976680000,2025-05-11T15:18:00Z,1974-1-1-06,,device_not_recording
1746976740000,2025-05-11T15:19:00Z,1974-1-1-06,,device_not_recording
1746976800000,2025-05-11T15:20:00Z,1974-1-1-06,,device_not_recording
1746976860000,2025-05-11T15:21:00Z,1974-1-1-06,,device_not_recording
1746976920000,2025-05-11T15:22:00Z,1974-1-1-06,,device_not_recording
1746976980000,2025-05-11T15:23:00Z,1974-1-1-06,,device_not_recording
1746977040000,2025-05-11T15:24:00Z,1974-1-1-06,,device_not_recording
1746977100000,2025-05-11T15:25:00Z,1974-1-1-06,,device_not_recording
1746977160000,2025-05-11T15:26:00Z,1974-1-1-06,,device_not_recording
1746977220000,2025-05-11T15:27:00Z,1974-1-1-06,,device_not_recording
1746977280000,2025-05-11T15:28:00Z,1974-1-1-06,,device_not_recording
1746977340000,2025-05-11T15:29:00Z,1974-1-1-06,,device_not_recording
1746977400000,2025-05-11T15:30:00Z,1974-1-1-06,,device_not_recording
1746977460000,2025-05-11T15:31:00Z,1974-1-1-06,,device_not_recording
1746977520000,2025-05-11T15:32:00Z,1974-1-1-06,,device_not_recording
1746977580000,2025-05-11T15:33:00Z,1974-1-1-06,,device_not_recording
1746977640000,2025-05-11T15:34:00Z,1974-1-1-06,,device_not_recording
1746977700000,2025-05-11T15:35:00Z,1974-1-1-06,,device_not_recording
1746977760000,2025-05-11T15:36:00Z,1974-1-1-06,,device_not_recording
1746977820000,2025-05-11T15:37:00Z,1974-1-1-06,,device_not_recording
1746977880000,2025-05-11T15:38:00Z,1974-1-1-06,,device_not_recording
1746977940000,2025-05-11T15:39:00Z,1974-1-1-06,,device_not_recording
1746978000000,2025-05-11T15:40:00Z,1974-1-1-06,,device_not_recording
1746978060000,2025-05-11T15:41:00Z,1974-1-1-06,,device_not_recording
1746978120000,2025-05-11T15:42:00Z,1974-1-1-06,,device_not_recording
1746978180000,2025-05-11T15:43:00Z,1974-1-1-06,,device_not_recording
1746978240000,2025-05-11T15:44:00Z,1974-1-1-06,,device_not_recording
1746978300000,2025-05-11T15:45:00Z,1974-1-1-06,,device_not_recording
1746978360000,2025-05-11T15:46:00Z,1974-1-1-06,,device_not_recording
1746978420000,2025-05-11T15:47:00Z,1974-1-1-06,,device_not_recording
1746978480000,2025-05-11T15:48:00Z,1974-1-1-06,,device_not_recording
1746978540000,2025-05-11T15:49:00Z,1974-1-1-06,,device_not_recording
1746978600000,2025-05-11T15:50:00Z,1974-1-1-06,,device_not_recording
1746978660000,2025-05-11T15:51:00Z,1974-1-1-06,,device_not_recording
1746978720000,2025-05-11T15:52:00Z,1974-1-1-06,,device_not_recording
1746978780000,2025-05-11T15:53:00Z,1974-1-1-06,,device_not_recording
1746978840000,2025-05-11T15:54:00Z,1974-1-1-06,,device_not_recording
1746978900000,2025-05-11T15:55:00Z,1974-1-1-06,,device_not_recording
1746978960000,2025-05-11T15:56:00Z,1974-1-1-06,,device_not_recording
1746979020000,2025-05-11T15:57:00Z,1974-1-1-06,,device_not_recording
1746979080000,2025-05-11T15:58:00Z,1974-1-1-06,,device_not_recording
1746979140000,2025-05-11T15:59:00Z,1974-1-1-06,,worn_with_low_signal_quality
1746979200000,2025-05-11T16:00:00Z,1974-1-1-06,,device_not_recording
1746979260000,2025-05-11T16:01:00Z,1974-1-1-06,68,
1746979320000,2025-05-11T16:02:00Z,1974-1-1-06,99,
1746979380000,2025-05-11T16:03:00Z,1974-1-1-06,85,
1746979440000,2025-05-11T16:04:00Z,1974-1-1-06,95,
1746979500000,2025-05-11T16:05:00Z,1974-1-1-06,84,
1746979560000,2025-05-11T16:06:00Z,1974-1-1-06,67,
1746979620000,2025-05-11T16:07:00Z,1974-1-1-06,63,
1746979680000,2025-05-11T16:08:00Z,1974-1-1-06,67,
1746979740000,2025-05-11T16:09:00Z,1974-1-1-06,65,
1746979800000,2025-05-11T16:10:00Z,1974-1-1-06,68,
1746979860000,2025-05-11T16:11:00Z,1974-1-1-06,65,
1746979920000,2025-05-11T16:12:00Z,1974-1-1-06,62,
1746979980000,2025-05-11T16:13:00Z,1974-1-1-06,68,
1746980040000,2025-05-11T16:14:00Z,1974-1-1-06,64,
1746980100000,2025-05-11T16:15:00Z,1974-1-1-06,64,
1746980160000,2025-05-11T16:16:00Z,1974-1-1-06,72,
1746980220000,2025-05-11T16:17:00Z,1974-1-1-06,66,
1746980280000,2025-05-11T16:18:00Z,1974-1-1-06,63,
1746980340000,2025-05-11T16:19:00Z,1974-1-1-06,61,
1746980400000,2025-05-11T16:20:00Z,1974-1-1-06,62,
1746980460000,2025-05-11T16:21:00Z,1974-1-1-06,70,
1746980520000,2025-05-11T16:22:00Z,1974-1-1-06,75,
1746980580000,2025-05-11T16:23:00Z,1974-1-1-06,71,
1746980640000,2025-05-11T16:24:00Z,1974-1-1-06,68,
1746980700000,2025-05-11T16:25:00Z,1974-1-1-06,67,
1746980760000,2025-05-11T16:26:00Z,1974-1-1-06,,device_not_recording
1746980820000,2025-05-11T16:27:00Z,1974-1-1-06,,device_not_recording
1746980880000,2025-05-11T16:28:00Z,1974-1-1-06,,device_not_recording
1746980940000,2025-05-11T16:29:00Z,1974-1-1-06,,device_not_recording
1746981000000,2025-05-11T16:30:00Z,1974-1-1-06,,device_not_recording
1746981060000,2025-05-11T16:31:00Z,1974-1-1-06,,device_not_recording
1746981120000,2025-05-11T16:32:00Z,1974-1-1-06,,device_not_recording
1746981180000,2025-05-11T16:33:00Z,1974-1-1-06,,device_not_recording
1746981240000,2025-05-11T16:34:00Z,1974-1-1-06,,device_not_recording
1746981300000,2025-05-11T16:35:00Z,1974-1-1-06,,device_not_recording
1746981360000,2025-05-11T16:36:00Z,1974-1-1-06,,device_not_recording
1746981420000,2025-05-11T16:37:00Z,1974-1-1-06,,device_not_recording
1746981480000,2025-05-11T16:38:00Z,1974-1-1-06,,device_not_recording
1746981540000,2025-05-11T16:39:00Z,1974-1-1-06,,device_not_recording
1746981600000,2025-05-11T16:40:00Z,1974-1-1-06,,device_not_recording
1746981660000,2025-05-11T16:41:00Z,1974-1-1-06,,device_not_recording
1746981720000,2025-05-11T16:42:00Z,1974-1-1-06,,device_not_recording
1746981780000,2025-05-11T16:43:00Z,1974-1-1-06,,device_not_recording
1746981840000,2025-05-11T16:44:00Z,1974-1-1-06,,device_not_recording
1746981900000,2025-05-11T16:45:00Z,1974-1-1-06,,device_not_recording
1746981960000,2025-05-11T16:46:00Z,1974-1-1-06,,device_not_recording
1746982020000,2025-05-11T16:47:00Z,1974-1-1-06,,device_not_recording
1746982080000,2025-05-11T16:48:00Z,1974-1-1-06,,device_not_recording
1746982140000,2025-05-11T16:49:00Z,1974-1-1-06,,device_not_recording
1746982200000,2025-05-11T16:50:00Z,1974-1-1-06,,device_not_recording
1746982260000,2025-05-11T16:51:00Z,1974-1-1-06,,device_not_recording
1746982320000,2025-05-11T16:52:00Z,1974-1-1-06,,device_not_recording
1746982380000,2025-05-11T16:53:00Z,1974-1-1-06,,device_not_recording
1746982440000,2025-05-11T16:54:00Z,1974-1-1-06,,device_not_recording
1746982500000,2025-05-11T16:55:00Z,1974-1-1-06,,device_not_recording
1746982560000,2025-05-11T16:56:00Z,1974-1-1-06,,device_not_recording
1746982620000,2025-05-11T16:57:00Z,1974-1-1-06,,device_not_recording
1746982680000,2025-05-11T16:58:00Z,1974-1-1-06,,device_not_recording
1746982740000,2025-05-11T16:59:00Z,1974-1-1-06,,device_not_recording
1746982800000,2025-05-11T17:00:00Z,1974-1-1-06,,device_not_recording
1746982860000,2025-05-11T17:01:00Z,1974-1-1-06,,device_not_recording
1746982920000,2025-05-11T17:02:00Z,1974-1-1-06,,device_not_recording
1746982980000,2025-05-11T17:03:00Z,1974-1-1-06,,device_not_recording
1746983040000,2025-05-11T17:04:00Z,1974-1-1-06,,device_not_recording
1746983100000,2025-05-11T17:05:00Z,1974-1-1-06,,device_not_recording
1746983160000,2025-05-11T17:06:00Z,1974-1-1-06,,device_not_recording
1746983220000,2025-05-11T17:07:00Z,1974-1-1-06,,device_not_recording
1746983280000,2025-05-11T17:08:00Z,1974-1-1-06,,device_not_recording
1746983340000,2025-05-11T17:09:00Z,1974-1-1-06,,device_not_recording
1746983400000,2025-05-11T17:10:00Z,1974-1-1-06,,device_not_recording
1746983460000,2025-05-11T17:11:00Z,1974-1-1-06,,device_not_recording
1746983520000,2025-05-11T17:12:00Z,1974-1-1-06,,device_not_recording
1746983580000,2025-05-11T17:13:00Z,1974-1-1-06,,device_not_recording
1746983640000,2025-05-11T17:14:00Z,1974-1-1-06,,device_not_recording
1746983700000,2025-05-11T17:15:00Z,1974-1-1-06,,device_not_recording
1746983760000,2025-05-11T17:16:00Z,1974-1-1-06,,device_not_recording
1746983820000,2025-05-11T17:17:00Z,1974-1-1-06,,device_not_recording
1746983880000,2025-05-11T17:18:00Z,1974-1-1-06,,device_not_recording
1746983940000,2025-05-11T17:19:00Z,1974-1-1-06,,device_not_recording
1746984000000,2025-05-11T17:20:00Z,1974-1-1-06,,device_not_recording
1746984060000,2025-05-11T17:21:00Z,1974-1-1-06,,device_not_recording
1746984120000,2025-05-11T17:22:00Z,1974-1-1-06,,device_not_recording
1746984180000,2025-05-11T17:23:00Z,1974-1-1-06,,device_not_recording
1746984240000,2025-05-11T17:24:00Z,1974-1-1-06,,device_not_recording
1746984300000,2025-05-11T17:25:00Z,1974-1-1-06,,device_not_recording
1746984360000,2025-05-11T17:26:00Z,1974-1-1-06,,device_not_recording
1746984420000,2025-05-11T17:27:00Z,1974-1-1-06,,device_not_recording
1746984480000,2025-05-11T17:28:00Z,1974-1-1-06,,device_not_recording
1746984540000,2025-05-11T17:29:00Z,1974-1-1-06,,device_not_recording
1746984600000,2025-05-11T17:30:00Z,1974-1-1-06,,device_not_recording
1746984660000,2025-05-11T17:31:00Z,1974-1-1-06,,device_not_recording
1746984720000,2025-05-11T17:32:00Z,1974-1-1-06,,device_not_recording
1746984780000,2025-05-11T17:33:00Z,1974-1-1-06,,device_not_recording
1746984840000,2025-05-11T17:34:00Z,1974-1-1-06,,device_not_recording
1746984900000,2025-05-11T17:35:00Z,1974-1-1-06,,device_not_recording
1746984960000,2025-05-11T17:36:00Z,1974-1-1-06,,device_not_recording
1746985020000,2025-05-11T17:37:00Z,1974-1-1-06,,device_not_recording
1746985080000,2025-05-11T17:38:00Z,1974-1-1-06,,device_not_recording
1746985140000,2025-05-11T17:39:00Z,1974-1-1-06,,device_not_recording
1746985200000,2025-05-11T17:40:00Z,1974-1-1-06,,device_not_recording
1746985260000,2025-05-11T17:41:00Z,1974-1-1-06,,device_not_recording
1746985320000,2025-05-11T17:42:00Z,1974-1-1-06,,device_not_recording
1746985380000,2025-05-11T17:43:00Z,1974-1-1-06,,device_not_recording
1746985440000,2025-05-11T17:44:00Z,1974-1-1-06,,device_not_recording
1746985500000,2025-05-11T17:45:00Z,1974-1-1-06,,device_not_recording
1746985560000,2025-05-11T17:46:00Z,1974-1-1-06,,device_not_recording
1746985620000,2025-05-11T17:47:00Z,1974-1-1-06,,device_not_recording
1746985680000,2025-05-11T17:48:00Z,1974-1-1-06,,device_not_recording
1746985740000,2025-05-11T17:49:00Z,1974-1-1-06,,device_not_recording
1746985800000,2025-05-11T17:50:00Z,1974-1-1-06,,device_not_recording
1746985860000,2025-05-11T17:51:00Z,1974-1-1-06,,device_not_recording
1746985920000,2025-05-11T17:52:00Z,1974-1-1-06,,device_not_recording
1746985980000,2025-05-11T17:53:00Z,1974-1-1-06,,device_not_recording
1746986040000,2025-05-11T17:54:00Z,1974-1-1-06,,device_not_recording
1746986100000,2025-05-11T17:55:00Z,1974-1-1-06,,device_not_recording
1746986160000,2025-05-11T17:56:00Z,1974-1-1-06,,device_not_recording
1746986220000,2025-05-11T17:57:00Z,1974-1-1-06,,device_not_recording
1746986280000,2025-05-11T17:58:00Z,1974-1-1-06,,device_not_recording
1746986340000,2025-05-11T17:59:00Z,1974-1-1-06,,device_not_recording
1746986400000,2025-05-11T18:00:00Z,1974-1-1-06,,device_not_recording
1746986460000,2025-05-11T18:01:00Z,1974-1-1-06,,device_not_recording
1746986520000,2025-05-11T18:02:00Z,1974-1-1-06,,device_not_recording
1746986580000,2025-05-11T18:03:00Z,1974-1-1-06,,device_not_recording
1746986640000,2025-05-11T18:04:00Z,1974-1-1-06,,device_not_recording
1746986700000,2025-05-11T18:05:00Z,1974-1-1-06,,device_not_recording
1746986760000,2025-05-11T18:06:00Z,1974-1-1-06,,device_not_recording
1746986820000,2025-05-11T18:07:00Z,1974-1-1-06,,device_not_recording
1746986880000,2025-05-11T18:08:00Z,1974-1-1-06,,device_not_recording
1746986940000,2025-05-11T18:09:00Z,1974-1-1-06,,device_not_recording
1746987000000,2025-05-11T18:10:00Z,1974-1-1-06,,device_not_recording
1746987060000,2025-05-11T18:11:00Z,1974-1-1-06,,device_not_recording
1746987120000,2025-05-11T18:12:00Z,1974-1-1-06,,device_not_recording
1746987180000,2025-05-11T18:13:00Z,1974-1-1-06,,device_not_recording
1746987240000,2025-05-11T18:14:00Z,1974-1-1-06,,device_not_recording
1746987300000,2025-05-11T18:15:00Z,1974-1-1-06,,device_not_recording
1746987360000,2025-05-11T18:16:00Z,1974-1-1-06,,device_not_recording
1746987420000,2025-05-11T18:17:00Z,1974-1-1-06,,device_not_recording
1746987480000,2025-05-11T18:18:00Z,1974-1-1-06,,device_not_recording
1746987540000,2025-05-11T18:19:00Z,1974-1-1-06,,device_not_recording
1746987600000,2025-05-11T18:20:00Z,1974-1-1-06,,device_not_recording
1746987660000,2025-05-11T18:21:00Z,1974-1-1-06,,device_not_recording
1746987720000,2025-05-11T18:22:00Z,1974-1-1-06,,device_not_recording
1746987780000,2025-05-11T18:23:00Z,1974-1-1-06,,device_not_recording
1746987840000,2025-05-11T18:24:00Z,1974-1-1-06,,device_not_recording
1746987900000,2025-05-11T18:25:00Z,1974-1-1-06,,device_not_recording
1746987960000,2025-05-11T18:26:00Z,1974-1-1-06,,device_not_recording
1746988020000,2025-05-11T18:27:00Z,1974-1-1-06,,device_not_recording
1746988080000,2025-05-11T18:28:00Z,1974-1-1-06,,device_not_recording
1746988140000,2025-05-11T18:29:00Z,1974-1-1-06,,device_not_recording
1746988200000,2025-05-11T18:30:00Z,1974-1-1-06,,device_not_recording
1746988260000,2025-05-11T18:31:00Z,1974-1-1-06,,device_not_recording
1746988320000,2025-05-11T18:32:00Z,1974-1-1-06,,device_not_recording
1746988380000,2025-05-11T18:33:00Z,1974-1-1-06,,device_not_recording
1746988440000,2025-05-11T18:34:00Z,1974-1-1-06,,device_not_recording
1746988500000,2025-05-11T18:35:00Z,1974-1-1-06,,device_not_recording
1746988560000,2025-05-11T18:36:00Z,1974-1-1-06,,device_not_recording
1746988620000,2025-05-11T18:37:00Z,1974-1-1-06,,device_not_recording
1746988680000,2025-05-11T18:38:00Z,1974-1-1-06,,device_not_recording
1746988740000,2025-05-11T18:39:00Z,1974-1-1-06,,device_not_recording
1746988800000,2025-05-11T18:40:00Z,1974-1-1-06,,device_not_recording
1746988860000,2025-05-11T18:41:00Z,1974-1-1-06,,device_not_recording
1746988920000,2025-05-11T18:42:00Z,1974-1-1-06,,device_not_recording
1746988980000,2025-05-11T18:43:00Z,1974-1-1-06,,device_not_recording
1746989040000,2025-05-11T18:44:00Z,1974-1-1-06,,device_not_recording
1746989100000,2025-05-11T18:45:00Z,1974-1-1-06,,device_not_recording
1746989160000,2025-05-11T18:46:00Z,1974-1-1-06,,device_not_recording
1746989220000,2025-05-11T18:47:00Z,1974-1-1-06,,device_not_recording
1746989280000,2025-05-11T18:48:00Z,1974-1-1-06,,device_not_recording
1746989340000,2025-05-11T18:49:00Z,1974-1-1-06,,device_not_recording
1746989400000,2025-05-11T18:50:00Z,1974-1-1-06,,device_not_recording
1746989460000,2025-05-11T18:51:00Z,1974-1-1-06,,device_not_recording
1746989520000,2025-05-11T18:52:00Z,1974-1-1-06,,device_not_recording
1746989580000,2025-05-11T18:53:00Z,1974-1-1-06,,device_not_recording
1746989640000,2025-05-11T18:54:00Z,1974-1-1-06,,device_not_recording
1746989700000,2025-05-11T18:55:00Z,1974-1-1-06,,device_not_recording
1746989760000,2025-05-11T18:56:00Z,1974-1-1-06,,device_not_recording
1746989820000,2025-05-11T18:57:00Z,1974-1-1-06,,device_not_recording
1746989880000,2025-05-11T18:58:00Z,1974-1-1-06,,device_not_recording
1746989940000,2025-05-11T18:59:00Z,1974-1-1-06,,device_not_recording
1746990000000,2025-05-11T19:00:00Z,1974-1-1-06,,device_not_recording
1746990060000,2025-05-11T19:01:00Z,1974-1-1-06,,device_not_recording
1746990120000,2025-05-11T19:02:00Z,1974-1-1-06,,device_not_recording
1746990180000,2025-05-11T19:03:00Z,1974-1-1-06,,device_not_recording
1746990240000,2025-05-11T19:04:00Z,1974-1-1-06,,device_not_recording
1746990300000,2025-05-11T19:05:00Z,1974-1-1-06,,device_not_recording
1746990360000,2025-05-11T19:06:00Z,1974-1-1-06,,device_not_recording
1746990420000,2025-05-11T19:07:00Z,1974-1-1-06,,device_not_recording
1746990480000,2025-05-11T19:08:00Z,1974-1-1-06,,device_not_recording
1746990540000,2025-05-11T19:09:00Z,1974-1-1-06,,device_not_recording
1746990600000,2025-05-11T19:10:00Z,1974-1-1-06,,device_not_recording
1746990660000,2025-05-11T19:11:00Z,1974-1-1-06,,device_not_recording
1746990720000,2025-05-11T19:12:00Z,1974-1-1-06,,device_not_recording
1746990780000,2025-05-11T19:13:00Z,1974-1-1-06,,device_not_recording
1746990840000,2025-05-11T19:14:00Z,1974-1-1-06,,device_not_recording
1746990900000,2025-05-11T19:15:00Z,1974-1-1-06,,device_not_recording
1746990960000,2025-05-11T19:16:00Z,1974-1-1-06,,device_not_recording
1746991020000,2025-05-11T19:17:00Z,1974-1-1-06,,device_not_recording
1746991080000,2025-05-11T19:18:00Z,1974-1-1-06,,device_not_recording
1746991140000,2025-05-11T19:19:00Z,1974-1-1-06,,device_not_recording
1746991200000,2025-05-11T19:20:00Z,1974-1-1-06,,device_not_recording
1746991260000,2025-05-11T19:21:00Z,1974-1-1-06,,device_not_recording
1746991320000,2025-05-11T19:22:00Z,1974-1-1-06,,device_not_recording
1746991380000,2025-05-11T19:23:00Z,1974-1-1-06,,device_not_recording
1746991440000,2025-05-11T19:24:00Z,1974-1-1-06,,device_not_recording
1746991500000,2025-05-11T19:25:00Z,1974-1-1-06,,device_not_recording
1746991560000,2025-05-11T19:26:00Z,1974-1-1-06,,device_not_recording
1746991620000,2025-05-11T19:27:00Z,1974-1-1-06,,device_not_recording
1746991680000,2025-05-11T19:28:00Z,1974-1-1-06,,device_not_recording
1746991740000,2025-05-11T19:29:00Z,1974-1-1-06,,device_not_recording
1746991800000,2025-05-11T19:30:00Z,1974-1-1-06,,device_not_recording
1746991860000,2025-05-11T19:31:00Z,1974-1-1-06,,device_not_recording
1746991920000,2025-05-11T19:32:00Z,1974-1-1-06,,device_not_recording
1746991980000,2025-05-11T19:33:00Z,1974-1-1-06,,device_not_recording
1746992040000,2025-05-11T19:34:00Z,1974-1-1-06,,device_not_recording
1746992100000,2025-05-11T19:35:00Z,1974-1-1-06,,device_not_recording
1746992160000,2025-05-11T19:36:00Z,1974-1-1-06,,device_not_recording
1746992220000,2025-05-11T19:37:00Z,1974-1-1-06,,device_not_recording
1746992280000,2025-05-11T19:38:00Z,1974-1-1-06,,device_not_recording
1746992340000,2025-05-11T19:39:00Z,1974-1-1-06,,device_not_recording
1746992400000,2025-05-11T19:40:00Z,1974-1-1-06,,device_not_recording
1746992460000,2025-05-11T19:41:00Z,1974-1-1-06,,device_not_recording
1746992520000,2025-05-11T19:42:00Z,1974-1-1-06,,device_not_recording
1746992580000,2025-05-11T19:43:00Z,1974-1-1-06,,device_not_recording
1746992640000,2025-05-11T19:44:00Z,1974-1-1-06,,device_not_recording
1746992700000,2025-05-11T19:45:00Z,1974-1-1-06,,device_not_recording
1746992760000,2025-05-11T19:46:00Z,1974-1-1-06,,device_not_recording
1746992820000,2025-05-11T19:47:00Z,1974-1-1-06,,device_not_recording
1746992880000,2025-05-11T19:48:00Z,1974-1-1-06,,device_not_recording
1746992940000,2025-05-11T19:49:00Z,1974-1-1-06,,device_not_recording
1746993000000,2025-05-11T19:50:00Z,1974-1-1-06,,device_not_recording
1746993060000,2025-05-11T19:51:00Z,1974-1-1-06,,device_not_recording
1746993120000,2025-05-11T19:52:00Z,1974-1-1-06,,device_not_recording
1746993180000,2025-05-11T19:53:00Z,1974-1-1-06,,device_not_recording
1746993240000,2025-05-11T19:54:00Z,1974-1-1-06,,device_not_recording
1746993300000,2025-05-11T19:55:00Z,1974-1-1-06,,device_not_recording
1746993360000,2025-05-11T19:56:00Z,1974-1-1-06,,device_not_recording
1746993420000,2025-05-11T19:57:00Z,1974-1-1-06,,device_not_recording
1746993480000,2025-05-11T19:58:00Z,1974-1-1-06,,device_not_recording
1746993540000,2025-05-11T19:59:00Z,1974-1-1-06,,device_not_recording
1746993600000,2025-05-11T20:00:00Z,1974-1-1-06,,device_not_recording
1746993660000,2025-05-11T20:01:00Z,1974-1-1-06,,device_not_recording
1746993720000,2025-05-11T20:02:00Z,1974-1-1-06,,device_not_recording
1746993780000,2025-05-11T20:03:00Z,1974-1-1-06,,device_not_recording
1746993840000,2025-05-11T20:04:00Z,1974-1-1-06,,device_not_recording
1746993900000,2025-05-11T20:05:00Z,1974-1-1-06,,device_not_recording
1746993960000,2025-05-11T20:06:00Z,1974-1-1-06,,device_not_recording
1746994020000,2025-05-11T20:07:00Z,1974-1-1-06,,device_not_recording
1746994080000,2025-05-11T20:08:00Z,1974-1-1-06,,device_not_recording
1746994140000,2025-05-11T20:09:00Z,1974-1-1-06,,device_not_recording
1746994200000,2025-05-11T20:10:00Z,1974-1-1-06,,device_not_recording
1746994260000,2025-05-11T20:11:00Z,1974-1-1-06,,device_not_recording
1746994320000,2025-05-11T20:12:00Z,1974-1-1-06,,device_not_recording
1746994380000,2025-05-11T20:13:00Z,1974-1-1-06,,device_not_recording
1746994440000,2025-05-11T20:14:00Z,1974-1-1-06,,device_not_recording
1746994500000,2025-05-11T20:15:00Z,1974-1-1-06,,device_not_recording
1746994560000,2025-05-11T20:16:00Z,1974-1-1-06,,device_not_recording
1746994620000,2025-05-11T20:17:00Z,1974-1-1-06,,device_not_recording
1746994680000,2025-05-11T20:18:00Z,1974-1-1-06,,device_not_recording
1746994740000,2025-05-11T20:19:00Z,1974-1-1-06,,device_not_recording
1746994800000,2025-05-11T20:20:00Z,1974-1-1-06,,device_not_recording
1746994860000,2025-05-11T20:21:00Z,1974-1-1-06,,device_not_recording
1746994920000,2025-05-11T20:22:00Z,1974-1-1-06,,device_not_recording
1746994980000,2025-05-11T20:23:00Z,1974-1-1-06,,device_not_recording
1746995040000,2025-05-11T20:24:00Z,1974-1-1-06,,device_not_recording
1746995100000,2025-05-11T20:25:00Z,1974-1-1-06,,device_not_recording
1746995160000,2025-05-11T20:26:00Z,1974-1-1-06,,device_not_recording
1746995220000,2025-05-11T20:27:00Z,1974-1-1-06,,device_not_recording
1746995280000,2025-05-11T20:28:00Z,1974-1-1-06,,device_not_recording
1746995340000,2025-05-11T20:29:00Z,1974-1-1-06,,device_not_recording
1746995400000,2025-05-11T20:30:00Z,1974-1-1-06,,device_not_recording
1746995460000,2025-05-11T20:31:00Z,1974-1-1-06,,device_not_recording
1746995520000,2025-05-11T20:32:00Z,1974-1-1-06,,device_not_recording
1746995580000,2025-05-11T20:33:00Z,1974-1-1-06,,device_not_recording
1746995640000,2025-05-11T20:34:00Z,1974-1-1-06,,device_not_recording
1746995700000,2025-05-11T20:35:00Z,1974-1-1-06,,device_not_recording
1746995760000,2025-05-11T20:36:00Z,1974-1-1-06,,device_not_recording
1746995820000,2025-05-11T20:37:00Z,1974-1-1-06,,device_not_recording
1746995880000,2025-05-11T20:38:00Z,1974-1-1-06,,device_not_recording
1746995940000,2025-05-11T20:39:00Z,1974-1-1-06,,device_not_recording
1746996000000,2025-05-11T20:40:00Z,1974-1-1-06,,device_not_recording
1746996060000,2025-05-11T20:41:00Z,1974-1-1-06,,device_not_recording
1746996120000,2025-05-11T20:42:00Z,1974-1-1-06,,device_not_recording
1746996180000,2025-05-11T20:43:00Z,1974-1-1-06,,device_not_recording
1746996240000,2025-05-11T20:44:00Z,1974-1-1-06,,device_not_recording
1746996300000,2025-05-11T20:45:00Z,1974-1-1-06,,device_not_recording
1746996360000,2025-05-11T20:46:00Z,1974-1-1-06,,device_not_recording
1746996420000,2025-05-11T20:47:00Z,1974-1-1-06,,device_not_recording
1746996480000,2025-05-11T20:48:00Z,1974-1-1-06,,device_not_recording
1746996540000,2025-05-11T20:49:00Z,1974-1-1-06,,device_not_recording
1746996600000,2025-05-11T20:50:00Z,1974-1-1-06,,device_not_recording
1746996660000,2025-05-11T20:51:00Z,1974-1-1-06,,device_not_recording
1746996720000,2025-05-11T20:52:00Z,1974-1-1-06,,device_not_recording
1746996780000,2025-05-11T20:53:00Z,1974-1-1-06,,device_not_recording
1746996840000,2025-05-11T20:54:00Z,1974-1-1-06,,device_not_recording
1746996900000,2025-05-11T20:55:00Z,1974-1-1-06,,device_not_recording
1746996960000,2025-05-11T20:56:00Z,1974-1-1-06,,device_not_recording
1746997020000,2025-05-11T20:57:00Z,1974-1-1-06,,device_not_recording
1746997080000,2025-05-11T20:58:00Z,1974-1-1-06,,device_not_recording
1746997140000,2025-05-11T20:59:00Z,1974-1-1-06,,device_not_recording
1746997200000,2025-05-11T21:00:00Z,1974-1-1-06,,device_not_recording
1746997260000,2025-05-11T21:01:00Z,1974-1-1-06,,device_not_recording
1746997320000,2025-05-11T21:02:00Z,1974-1-1-06,,device_not_recording
1746997380000,2025-05-11T21:03:00Z,1974-1-1-06,,device_not_recording
1746997440000,2025-05-11T21:04:00Z,1974-1-1-06,,device_not_recording
1746997500000,2025-05-11T21:05:00Z,1974-1-1-06,,device_not_recording
1746997560000,2025-05-11T21:06:00Z,1974-1-1-06,,device_not_recording
1746997620000,2025-05-11T21:07:00Z,1974-1-1-06,,device_not_recording
1746997680000,2025-05-11T21:08:00Z,1974-1-1-06,,device_not_recording
1746997740000,2025-05-11T21:09:00Z,1974-1-1-06,,device_not_recording
1746997800000,2025-05-11T21:10:00Z,1974-1-1-06,,device_not_recording
1746997860000,2025-05-11T21:11:00Z,1974-1-1-06,,device_not_recording
1746997920000,2025-05-11T21:12:00Z,1974-1-1-06,,device_not_recording
1746997980000,2025-05-11T21:13:00Z,1974-1-1-06,,device_not_recording
1746998040000,2025-05-11T21:14:00Z,1974-1-1-06,,device_not_recording
1746998100000,2025-05-11T21:15:00Z,1974-1-1-06,,device_not_recording
1746998160000,2025-05-11T21:16:00Z,1974-1-1-06,,device_not_recording
1746998220000,2025-05-11T21:17:00Z,1974-1-1-06,,device_not_recording
1746998280000,2025-05-11T21:18:00Z,1974-1-1-06,,device_not_recording
1746998340000,2025-05-11T21:19:00Z,1974-1-1-06,,device_not_recording
1746998400000,2025-05-11T21:20:00Z,1974-1-1-06,,device_not_recording
1746998460000,2025-05-11T21:21:00Z,1974-1-1-06,,device_not_recording
1746998520000,2025-05-11T21:22:00Z,1974-1-1-06,,device_not_recording
1746998580000,2025-05-11T21:23:00Z,1974-1-1-06,,device_not_recording
1746998640000,2025-05-11T21:24:00Z,1974-1-1-06,,device_not_recording
1746998700000,2025-05-11T21:25:00Z,1974-1-1-06,,device_not_recording
1746998760000,2025-05-11T21:26:00Z,1974-1-1-06,,device_not_recording
1746998820000,2025-05-11T21:27:00Z,1974-1-1-06,,device_not_recording
1746998880000,2025-05-11T21:28:00Z,1974-1-1-06,,device_not_recording
1746998940000,2025-05-11T21:29:00Z,1974-1-1-06,,device_not_recording
1746999000000,2025-05-11T21:30:00Z,1974-1-1-06,,device_not_recording
1746999060000,2025-05-11T21:31:00Z,1974-1-1-06,,device_not_recording
1746999120000,2025-05-11T21:32:00Z,1974-1-1-06,,device_not_recording
1746999180000,2025-05-11T21:33:00Z,1974-1-1-06,,device_not_recording
1746999240000,2025-05-11T21:34:00Z,1974-1-1-06,,device_not_recording
1746999300000,2025-05-11T21:35:00Z,1974-1-1-06,,device_not_recording
1746999360000,2025-05-11T21:36:00Z,1974-1-1-06,,device_not_recording
1746999420000,2025-05-11T21:37:00Z,1974-1-1-06,,device_not_recording
1746999480000,2025-05-11T21:38:00Z,1974-1-1-06,,device_not_recording
1746999540000,2025-05-11T21:39:00Z,1974-1-1-06,,device_not_recording
1746999600000,2025-05-11T21:40:00Z,1974-1-1-06,,device_not_recording
1746999660000,2025-05-11T21:41:00Z,1974-1-1-06,,device_not_recording
1746999720000,2025-05-11T21:42:00Z,1974-1-1-06,,device_not_recording
1746999780000,2025-05-11T21:43:00Z,1974-1-1-06,,device_not_recording
1746999840000,2025-05-11T21:44:00Z,1974-1-1-06,,device_not_recording
1746999900000,2025-05-11T21:45:00Z,1974-1-1-06,,device_not_recording
1746999960000,2025-05-11T21:46:00Z,1974-1-1-06,,device_not_recording
1747000020000,2025-05-11T21:47:00Z,1974-1-1-06,,device_not_recording
1747000080000,2025-05-11T21:48:00Z,1974-1-1-06,,device_not_recording
1747000140000,2025-05-11T21:49:00Z,1974-1-1-06,,device_not_recording
1747000200000,2025-05-11T21:50:00Z,1974-1-1-06,,device_not_recording
1747000260000,2025-05-11T21:51:00Z,1974-1-1-06,,device_not_recording
1747000320000,2025-05-11T21:52:00Z,1974-1-1-06,,device_not_recording
1747000380000,2025-05-11T21:53:00Z,1974-1-1-06,,device_not_recording
1747000440000,2025-05-11T21:54:00Z,1974-1-1-06,,device_not_recording
1747000500000,2025-05-11T21:55:00Z,1974-1-1-06,,device_not_recording
1747000560000,2025-05-11T21:56:00Z,1974-1-1-06,,device_not_recording
1747000620000,2025-05-11T21:57:00Z,1974-1-1-06,,device_not_recording
1747000680000,2025-05-11T21:58:00Z,1974-1-1-06,,device_not_recording
1747000740000,2025-05-11T21:59:00Z,1974-1-1-06,,device_not_recording
1747000800000,2025-05-11T22:00:00Z,1974-1-1-06,,device_not_recording
1747000860000,2025-05-11T22:01:00Z,1974-1-1-06,,device_not_recording
1747000920000,2025-05-11T22:02:00Z,1974-1-1-06,,device_not_recording
1747000980000,2025-05-11T22:03:00Z,1974-1-1-06,,device_not_recording
1747001040000,2025-05-11T22:04:00Z,1974-1-1-06,,device_not_recording
1747001100000,2025-05-11T22:05:00Z,1974-1-1-06,,device_not_recording
1747001160000,2025-05-11T22:06:00Z,1974-1-1-06,,device_not_recording
1747001220000,2025-05-11T22:07:00Z,1974-1-1-06,,device_not_recording
1747001280000,2025-05-11T22:08:00Z,1974-1-1-06,,device_not_recording
1747001340000,2025-05-11T22:09:00Z,1974-1-1-06,,device_not_recording
1747001400000,2025-05-11T22:10:00Z,1974-1-1-06,,device_not_recording
1747001460000,2025-05-11T22:11:00Z,1974-1-1-06,,device_not_recording
1747001520000,2025-05-11T22:12:00Z,1974-1-1-06,,device_not_recording
1747001580000,2025-05-11T22:13:00Z,1974-1-1-06,,device_not_recording
1747001640000,2025-05-11T22:14:00Z,1974-1-1-06,,device_not_recording
1747001700000,2025-05-11T22:15:00Z,1974-1-1-06,,device_not_recording
1747001760000,2025-05-11T22:16:00Z,1974-1-1-06,,device_not_recording
1747001820000,2025-05-11T22:17:00Z,1974-1-1-06,,device_not_recording
1747001880000,2025-05-11T22:18:00Z,1974-1-1-06,,device_not_recording
1747001940000,2025-05-11T22:19:00Z,1974-1-1-06,,device_not_recording
1747002000000,2025-05-11T22:20:00Z,1974-1-1-06,,device_not_recording
1747002060000,2025-05-11T22:21:00Z,1974-1-1-06,,device_not_recording
1747002120000,2025-05-11T22:22:00Z,1974-1-1-06,,device_not_recording
1747002180000,2025-05-11T22:23:00Z,1974-1-1-06,,device_not_recording
1747002240000,2025-05-11T22:24:00Z,1974-1-1-06,,device_not_recording
1747002300000,2025-05-11T22:25:00Z,1974-1-1-06,,device_not_recording
1747002360000,2025-05-11T22:26:00Z,1974-1-1-06,,device_not_recording
1747002420000,2025-05-11T22:27:00Z,1974-1-1-06,,device_not_recording
1747002480000,2025-05-11T22:28:00Z,1974-1-1-06,,device_not_recording
1747002540000,2025-05-11T22:29:00Z,1974-1-1-06,,device_not_recording
1747002600000,2025-05-11T22:30:00Z,1974-1-1-06,,device_not_recording
1747002660000,2025-05-11T22:31:00Z,1974-1-1-06,,device_not_recording
1747002720000,2025-05-11T22:32:00Z,1974-1-1-06,,device_not_recording
1747002780000,2025-05-11T22:33:00Z,1974-1-1-06,,device_not_recording
1747002840000,2025-05-11T22:34:00Z,1974-1-1-06,,device_not_recording
1747002900000,2025-05-11T22:35:00Z,1974-1-1-06,,device_not_recording
1747002960000,2025-05-11T22:36:00Z,1974-1-1-06,,device_not_recording
1747003020000,2025-05-11T22:37:00Z,1974-1-1-06,,device_not_recording
1747003080000,2025-05-11T22:38:00Z,1974-1-1-06,,device_not_recording
1747003140000,2025-05-11T22:39:00Z,1974-1-1-06,,device_not_recording
1747003200000,2025-05-11T22:40:00Z,1974-1-1-06,,device_not_recording
1747003260000,2025-05-11T22:41:00Z,1974-1-1-06,,device_not_recording
1747003320000,2025-05-11T22:42:00Z,1974-1-1-06,,device_not_recording
1747003380000,2025-05-11T22:43:00Z,1974-1-1-06,,device_not_recording
1747003440000,2025-05-11T22:44:00Z,1974-1-1-06,,device_not_recording
1747003500000,2025-05-11T22:45:00Z,1974-1-1-06,,device_not_recording
1747003560000,2025-05-11T22:46:00Z,1974-1-1-06,,device_not_recording
1747003620000,2025-05-11T22:47:00Z,1974-1-1-06,,device_not_recording
1747003680000,2025-05-11T22:48:00Z,1974-1-1-06,,device_not_recording
1747003740000,2025-05-11T22:49:00Z,1974-1-1-06,,device_not_recording
1747003800000,2025-05-11T22:50:00Z,1974-1-1-06,,device_not_recording
1747003860000,2025-05-11T22:51:00Z,1974-1-1-06,,device_not_recording
1747003920000,2025-05-11T22:52:00Z,1974-1-1-06,,device_not_recording
1747003980000,2025-05-11T22:53:00Z,1974-1-1-06,,device_not_recording
1747004040000,2025-05-11T22:54:00Z,1974-1-1-06,,device_not_recording
1747004100000,2025-05-11T22:55:00Z,1974-1-1-06,,device_not_recording
1747004160000,2025-05-11T22:56:00Z,1974-1-1-06,,device_not_recording
1747004220000,2025-05-11T22:57:00Z,1974-1-1-06,,device_not_recording
1747004280000,2025-05-11T22:58:00Z,1974-1-1-06,,device_not_recording
1747004340000,2025-05-11T22:59:00Z,1974-1-1-06,,device_not_recording
1747004400000,2025-05-11T23:00:00Z,1974-1-1-06,,device_not_recording
1747004460000,2025-05-11T23:01:00Z,1974-1-1-06,,device_not_recording
1747004520000,2025-05-11T23:02:00Z,1974-1-1-06,,device_not_recording
1747004580000,2025-05-11T23:03:00Z,1974-1-1-06,,device_not_recording
1747004640000,2025-05-11T23:04:00Z,1974-1-1-06,,device_not_recording
1747004700000,2025-05-11T23:05:00Z,1974-1-1-06,,device_not_recording
1747004760000,2025-05-11T23:06:00Z,1974-1-1-06,,device_not_recording
1747004820000,2025-05-11T23:07:00Z,1974-1-1-06,,device_not_recording
1747004880000,2025-05-11T23:08:00Z,1974-1-1-06,,device_not_recording
1747004940000,2025-05-11T23:09:00Z,1974-1-1-06,,device_not_recording
1747005000000,2025-05-11T23:10:00Z,1974-1-1-06,,device_not_recording
1747005060000,2025-05-11T23:11:00Z,1974-1-1-06,,device_not_recording
1747005120000,2025-05-11T23:12:00Z,1974-1-1-06,,device_not_recording
1747005180000,2025-05-11T23:13:00Z,1974-1-1-06,,device_not_recording
1747005240000,2025-05-11T23:14:00Z,1974-1-1-06,,device_not_recording
1747005300000,2025-05-11T23:15:00Z,1974-1-1-06,,device_not_recording
1747005360000,2025-05-11T23:16:00Z,1974-1-1-06,,device_not_recording
1747005420000,2025-05-11T23:17:00Z,1974-1-1-06,,device_not_recording
1747005480000,2025-05-11T23:18:00Z,1974-1-1-06,,device_not_recording
1747005540000,2025-05-11T23:19:00Z,1974-1-1-06,,device_not_recording
1747005600000,2025-05-11T23:20:00Z,1974-1-1-06,,device_not_recording
1747005660000,2025-05-11T23:21:00Z,1974-1-1-06,,device_not_recording
1747005720000,2025-05-11T23:22:00Z,1974-1-1-06,,device_not_recording
1747005780000,2025-05-11T23:23:00Z,1974-1-1-06,,device_not_recording
1747005840000,2025-05-11T23:24:00Z,1974-1-1-06,,device_not_recording
1747005900000,2025-05-11T23:25:00Z,1974-1-1-06,,device_not_recording
1747005960000,2025-05-11T23:26:00Z,1974-1-1-06,,device_not_recording
1747006020000,2025-05-11T23:27:00Z,1974-1-1-06,,device_not_recording
1747006080000,2025-05-11T23:28:00Z,1974-1-1-06,,device_not_recording
1747006140000,2025-05-11T23:29:00Z,1974-1-1-06,,device_not_recording
1747006200000,2025-05-11T23:30:00Z,1974-1-1-06,,device_not_recording
1747006260000,2025-05-11T23:31:00Z,1974-1-1-06,,device_not_recording
1747006320000,2025-05-11T23:32:00Z,1974-1-1-06,,device_not_recording
1747006380000,2025-05-11T23:33:00Z,1974-1-1-06,,device_not_recording
1747006440000,2025-05-11T23:34:00Z,1974-1-1-06,,device_not_recording
1747006500000,2025-05-11T23:35:00Z,1974-1-1-06,,device_not_recording
1747006560000,2025-05-11T23:36:00Z,1974-1-1-06,,device_not_recording
1747006620000,2025-05-11T23:37:00Z,1974-1-1-06,,device_not_recording
1747006680000,2025-05-11T23:38:00Z,1974-1-1-06,,device_not_recording
1747006740000,2025-05-11T23:39:00Z,1974-1-1-06,,device_not_recording
1747006800000,2025-05-11T23:40:00Z,1974-1-1-06,,device_not_recording
1747006860000,2025-05-11T23:41:00Z,1974-1-1-06,,device_not_recording
1747006920000,2025-05-11T23:42:00Z,1974-1-1-06,,device_not_recording
1747006980000,2025-05-11T23:43:00Z,1974-1-1-06,,device_not_recording
1747007040000,2025-05-11T23:44:00Z,1974-1-1-06,,device_not_recording
1747007100000,2025-05-11T23:45:00Z,1974-1-1-06,,device_not_recording
1747007160000,2025-05-11T23:46:00Z,1974-1-1-06,,device_not_recording
1747007220000,2025-05-11T23:47:00Z,1974-1-1-06,,device_not_recording
1747007280000,2025-05-11T23:48:00Z,1974-1-1-06,,device_not_recording
1747007340000,2025-05-11T23:49:00Z,1974-1-1-06,,device_not_recording
1747007400000,2025-05-11T23:50:00Z,1974-1-1-06,,device_not_recording
1747007460000,2025-05-11T23:51:00Z,1974-1-1-06,,device_not_recording
1747007520000,2025-05-11T23:52:00Z,1974-1-1-06,,device_not_recording
1747007580000,2025-05-11T23:53:00Z,1974-1-1-06,,device_not_recording
1747007640000,2025-05-11T23:54:00Z,1974-1-1-06,,device_not_recording
1747007700000,2025-05-11T23:55:00Z,1974-1-1-06,,device_not_recording
1747007760000,2025-05-11T23:56:00Z,1974-1-1-06,,device_not_recording
1747007820000,2025-05-11T23:57:00Z,1974-1-1-06,,device_not_recording
1747007880000,2025-05-11T23:58:00Z,1974-1-1-06,,device_not_recording
1747007940000,2025-05-11T23:59:00Z,1974-1-1-06,,device_not_recording
