a,b,1442025,957ae7fef26644c3b3598e141637443dfdff027347ec6c43c43bc648a0defcd5
a,b,1442025,957ae7fef26644c3b3598e141637443dfdff027347ec6c43c43bc648a0defcd5
a,b,1442025,957ae7fef26644c3b3598e141637443dfdff027347ec6c43c43bc648a0defcd5
a,b,1442025,957ae7fef26644c3b3598e141637443dfdff027347ec6c43c43bc648a0defcd5
a,c,1442025,170452a2aeb1a5edb0baf7555cae224982d0b66d621c95db3b52a0bfa6cd1f8b
geoffray,bonnin,1442025,fc980ccb02f96fb5f6360b78c69595d46bd22d164acdc748f125b39f55f959d2
g,b,1442025,ac80e4159a1127a5a7f0c5e8ee6938e500a233b642dbe04b83a62ab0da4379ff
k,hy,1442025,38b2c122ab2570098889709a8385e040a17c75206fa77561bf2d56caa57b8eb2
qsdq,jln,1442025,bc4ef1866893cbfaf56f30adb520a302bbfb60d22560af9de325705f1343ab9c
zesfdqscq,qzesdwc,1442025,670f9f7d071ebe00c7c82f4fd6800adb0059757efc4cc415aea96510647f6501
sqd,qzesfdw,1442025,978acacc08837201b1b1c77b1f498117af2ec68c42f81d6a93c1a0fd4cd96a24
a,a,1442025,ab4a4b3fe102eb1be9f135100294912502bf4e6d07f2df3d39c8f40e5a06a353
kusdh,lj,1442025,cd98edc956181cb0dbb99cb127e06f79413fb2f74138b62b70225f5c693abd38
azdqsc,ezsd,1442025,bc96768d221a1b90167b397c5733a6f7a1cff1ec4a05d8e7648448b2f5d63947
alan,t,1442025,340b9bb65986bb88f9d26910c03abe6be08a0a67c2b252f058ace96044005085
esdf,sdfwc,1442025,cff9a38c8ae48a267bfeaa95fec79e3332fa56638003887f754ff78dbebba81c
Geoffray,Bonnin,1442025,2c22c832d14d11f0d7b327a19a46ceae05c88cddae7d04d1b9bea830aaf61453
qsd,zefsqdwcx,1442025,a5afce14c5907352f4a2c87f68ce71d58a8c13f5b55b501d7feecaa3f2d24f6a
qsdwxers,fd,1442025,6e754c0deedf3858236a73ec86e3939e5329b2421d671c9c41fc8d53c2db8aaf
qdsqsdc,uljdsfc,1442025,30045cf9a8638e8ed59a644edfd20aa770386d65234ad0ab9330f5df65481ee6
Dexter,Gordon,1442025,618bf0ab1a4ee24f3f462e975345a7d478f69e6e9e8164fafd7803639757a122
a,a,2942025,92885eab46869d155e152e1f7ebaa844171bbc0bb8b2bf506530e7412545db03
a,a ,2942025,5e740df9e9ad262d45dd2bfe88808e05687c21576552fcfce249c5ba6ee3b574
a,a,2942025,92885eab46869d155e152e1f7ebaa844171bbc0bb8b2bf506530e7412545db03
b,b,2942025,8a644272be1ded1537631b65e39234931b3c18c62d7898e440a99616b81d9789
c,c ,2942025,47c15b2488ec2758b0eb8244f008f1d66ca0cdabdf10d7edd70cd458f147b91c
d,d,2942025,1ca30a7bee729de19e6009235f9914cceeb9188b045bbb36576746e3ab7e3ef4
maissane,sabbouri,2942025,17e2921d021f90519c5f013f7a97a533c2f916df323cdb9d17c53d6e15e92c28
ayse,e,2942025,6414af5466c9e94d74c5e95cf8b30970bdda2656d777a588ea7b4420926e743c
ayse,er,2942025,26ce6d4024febcd8c05eb9ece4f39b71a0826b706c961ab6b32d11a9c071e390
ayse,erd,2942025,0d1345f9647e05b4e947d3c7f69a109715185badcabe160a0481cf8400066aa6
maissane,sba,2942025,36e17cf07813d532880653b2860aee7e3a44beea54182f3f0ee858d435a8dc14
erdodo,aysee,1952025,49513caa86d05fc610ba45433a572aa08dfb011ac43c548404e90354b7bdaf66
ayseeee,erodod,1952025,aaa816131da888d8b4d9376d77fcd3d114163832b84a3c93da2a8a2c1ac12308
Yafa,Maayoufi ,1952025,1351a9d390dd84e5bc50b7fccba750b159d3b6e4fb90875bd3f6d3c0cfb81c27
Karima,Benreguieg,962025,7d2f17f8f6cefbf140a3fece572be264e9c8db638d8cdd0c98dbb5c3c93d1a08
lakehal,ibtihal,962025,ccd6c9483fac068f6ccec880a7ffa5aa7918596e326bc0e8223326fda47331c5
Benreguieg,Ines,962025,53d33c86425dcba79ad6ea2bcd7c387848102553dbda85a1682896fc95967039
BENREGUIEG,MOHIEDDINE,962025,9249de2c1ee231f09586f88157e7fcbd92ef93936143eabf6eb50b566b24ed59

benreguieg,amina,962025,30e6b03c1c7bc1a117038761a345aa2c5332a24fa64b504ea158f1f893679da7
Benanane,Sofia ,1362025,657abe56d7a5ed7a73cca6f4fc4778f8440af3ca5193548b05570254a530b92e
Pignon,Ianis,1362025,576019667aacee504fc8ec9be03d25059dbedf3a9d95de1186c807cfb2de5391
