timestamp_unix,timestamp_iso,participant_full_id,activity_intensity,missing_value_reason
1745280000000,2025-04-22T00:00:00Z,1974-1-1-00,,device_not_recording
1745280060000,2025-04-22T00:01:00Z,1974-1-1-00,,device_not_recording
1745280120000,2025-04-22T00:02:00Z,1974-1-1-00,,device_not_recording
1745280180000,2025-04-22T00:03:00Z,1974-1-1-00,,device_not_recording
1745280240000,2025-04-22T00:04:00Z,1974-1-1-00,,device_not_recording
1745280300000,2025-04-22T00:05:00Z,1974-1-1-00,,device_not_recording
1745280360000,2025-04-22T00:06:00Z,1974-1-1-00,,device_not_recording
1745280420000,2025-04-22T00:07:00Z,1974-1-1-00,,device_not_recording
1745280480000,2025-04-22T00:08:00Z,1974-1-1-00,,device_not_recording
1745280540000,2025-04-22T00:09:00Z,1974-1-1-00,,device_not_recording
1745280600000,2025-04-22T00:10:00Z,1974-1-1-00,,device_not_recording
1745280660000,2025-04-22T00:11:00Z,1974-1-1-00,,device_not_recording
1745280720000,2025-04-22T00:12:00Z,1974-1-1-00,,device_not_recording
1745280780000,2025-04-22T00:13:00Z,1974-1-1-00,,device_not_recording
1745280840000,2025-04-22T00:14:00Z,1974-1-1-00,,device_not_recording
1745280900000,2025-04-22T00:15:00Z,1974-1-1-00,,device_not_recording
1745280960000,2025-04-22T00:16:00Z,1974-1-1-00,,device_not_recording
1745281020000,2025-04-22T00:17:00Z,1974-1-1-00,,device_not_recording
1745281080000,2025-04-22T00:18:00Z,1974-1-1-00,,device_not_recording
1745281140000,2025-04-22T00:19:00Z,1974-1-1-00,,device_not_recording
1745281200000,2025-04-22T00:20:00Z,1974-1-1-00,,device_not_recording
1745281260000,2025-04-22T00:21:00Z,1974-1-1-00,,device_not_recording
1745281320000,2025-04-22T00:22:00Z,1974-1-1-00,,device_not_recording
1745281380000,2025-04-22T00:23:00Z,1974-1-1-00,,device_not_recording
1745281440000,2025-04-22T00:24:00Z,1974-1-1-00,,device_not_recording
1745281500000,2025-04-22T00:25:00Z,1974-1-1-00,,device_not_recording
1745281560000,2025-04-22T00:26:00Z,1974-1-1-00,,device_not_recording
1745281620000,2025-04-22T00:27:00Z,1974-1-1-00,,device_not_recording
1745281680000,2025-04-22T00:28:00Z,1974-1-1-00,,device_not_recording
1745281740000,2025-04-22T00:29:00Z,1974-1-1-00,,device_not_recording
1745281800000,2025-04-22T00:30:00Z,1974-1-1-00,,device_not_recording
1745281860000,2025-04-22T00:31:00Z,1974-1-1-00,,device_not_recording
1745281920000,2025-04-22T00:32:00Z,1974-1-1-00,,device_not_recording
1745281980000,2025-04-22T00:33:00Z,1974-1-1-00,,device_not_recording
1745282040000,2025-04-22T00:34:00Z,1974-1-1-00,,device_not_recording
1745282100000,2025-04-22T00:35:00Z,1974-1-1-00,,device_not_recording
1745282160000,2025-04-22T00:36:00Z,1974-1-1-00,,device_not_recording
1745282220000,2025-04-22T00:37:00Z,1974-1-1-00,,device_not_recording
1745282280000,2025-04-22T00:38:00Z,1974-1-1-00,,device_not_recording
1745282340000,2025-04-22T00:39:00Z,1974-1-1-00,,device_not_recording
1745282400000,2025-04-22T00:40:00Z,1974-1-1-00,,device_not_recording
1745282460000,2025-04-22T00:41:00Z,1974-1-1-00,,device_not_recording
1745282520000,2025-04-22T00:42:00Z,1974-1-1-00,,device_not_recording
1745282580000,2025-04-22T00:43:00Z,1974-1-1-00,,device_not_recording
1745282640000,2025-04-22T00:44:00Z,1974-1-1-00,,device_not_recording
1745282700000,2025-04-22T00:45:00Z,1974-1-1-00,,device_not_recording
1745282760000,2025-04-22T00:46:00Z,1974-1-1-00,,device_not_recording
1745282820000,2025-04-22T00:47:00Z,1974-1-1-00,,device_not_recording
1745282880000,2025-04-22T00:48:00Z,1974-1-1-00,,device_not_recording
1745282940000,2025-04-22T00:49:00Z,1974-1-1-00,,device_not_recording
1745283000000,2025-04-22T00:50:00Z,1974-1-1-00,,device_not_recording
1745283060000,2025-04-22T00:51:00Z,1974-1-1-00,,device_not_recording
1745283120000,2025-04-22T00:52:00Z,1974-1-1-00,,device_not_recording
1745283180000,2025-04-22T00:53:00Z,1974-1-1-00,,device_not_recording
1745283240000,2025-04-22T00:54:00Z,1974-1-1-00,,device_not_recording
1745283300000,2025-04-22T00:55:00Z,1974-1-1-00,,device_not_recording
1745283360000,2025-04-22T00:56:00Z,1974-1-1-00,,device_not_recording
1745283420000,2025-04-22T00:57:00Z,1974-1-1-00,,device_not_recording
1745283480000,2025-04-22T00:58:00Z,1974-1-1-00,,device_not_recording
1745283540000,2025-04-22T00:59:00Z,1974-1-1-00,,device_not_recording
1745283600000,2025-04-22T01:00:00Z,1974-1-1-00,,device_not_recording
1745283660000,2025-04-22T01:01:00Z,1974-1-1-00,,device_not_recording
1745283720000,2025-04-22T01:02:00Z,1974-1-1-00,,device_not_recording
1745283780000,2025-04-22T01:03:00Z,1974-1-1-00,,device_not_recording
1745283840000,2025-04-22T01:04:00Z,1974-1-1-00,,device_not_recording
1745283900000,2025-04-22T01:05:00Z,1974-1-1-00,,device_not_recording
1745283960000,2025-04-22T01:06:00Z,1974-1-1-00,,device_not_recording
1745284020000,2025-04-22T01:07:00Z,1974-1-1-00,,device_not_recording
1745284080000,2025-04-22T01:08:00Z,1974-1-1-00,,device_not_recording
1745284140000,2025-04-22T01:09:00Z,1974-1-1-00,,device_not_recording
1745284200000,2025-04-22T01:10:00Z,1974-1-1-00,,device_not_recording
1745284260000,2025-04-22T01:11:00Z,1974-1-1-00,,device_not_recording
1745284320000,2025-04-22T01:12:00Z,1974-1-1-00,,device_not_recording
1745284380000,2025-04-22T01:13:00Z,1974-1-1-00,,device_not_recording
1745284440000,2025-04-22T01:14:00Z,1974-1-1-00,,device_not_recording
1745284500000,2025-04-22T01:15:00Z,1974-1-1-00,,device_not_recording
1745284560000,2025-04-22T01:16:00Z,1974-1-1-00,,device_not_recording
1745284620000,2025-04-22T01:17:00Z,1974-1-1-00,,device_not_recording
1745284680000,2025-04-22T01:18:00Z,1974-1-1-00,,device_not_recording
1745284740000,2025-04-22T01:19:00Z,1974-1-1-00,,device_not_recording
1745284800000,2025-04-22T01:20:00Z,1974-1-1-00,,device_not_recording
1745284860000,2025-04-22T01:21:00Z,1974-1-1-00,,device_not_recording
1745284920000,2025-04-22T01:22:00Z,1974-1-1-00,,device_not_recording
1745284980000,2025-04-22T01:23:00Z,1974-1-1-00,,device_not_recording
1745285040000,2025-04-22T01:24:00Z,1974-1-1-00,,device_not_recording
1745285100000,2025-04-22T01:25:00Z,1974-1-1-00,,device_not_recording
1745285160000,2025-04-22T01:26:00Z,1974-1-1-00,,device_not_recording
1745285220000,2025-04-22T01:27:00Z,1974-1-1-00,,device_not_recording
1745285280000,2025-04-22T01:28:00Z,1974-1-1-00,,device_not_recording
1745285340000,2025-04-22T01:29:00Z,1974-1-1-00,,device_not_recording
1745285400000,2025-04-22T01:30:00Z,1974-1-1-00,,device_not_recording
1745285460000,2025-04-22T01:31:00Z,1974-1-1-00,,device_not_recording
1745285520000,2025-04-22T01:32:00Z,1974-1-1-00,,device_not_recording
1745285580000,2025-04-22T01:33:00Z,1974-1-1-00,,device_not_recording
1745285640000,2025-04-22T01:34:00Z,1974-1-1-00,,device_not_recording
1745285700000,2025-04-22T01:35:00Z,1974-1-1-00,,device_not_recording
1745285760000,2025-04-22T01:36:00Z,1974-1-1-00,,device_not_recording
1745285820000,2025-04-22T01:37:00Z,1974-1-1-00,,device_not_recording
1745285880000,2025-04-22T01:38:00Z,1974-1-1-00,,device_not_recording
1745285940000,2025-04-22T01:39:00Z,1974-1-1-00,,device_not_recording
1745286000000,2025-04-22T01:40:00Z,1974-1-1-00,,device_not_recording
1745286060000,2025-04-22T01:41:00Z,1974-1-1-00,,device_not_recording
1745286120000,2025-04-22T01:42:00Z,1974-1-1-00,,device_not_recording
1745286180000,2025-04-22T01:43:00Z,1974-1-1-00,,device_not_recording
1745286240000,2025-04-22T01:44:00Z,1974-1-1-00,,device_not_recording
1745286300000,2025-04-22T01:45:00Z,1974-1-1-00,,device_not_recording
1745286360000,2025-04-22T01:46:00Z,1974-1-1-00,,device_not_recording
1745286420000,2025-04-22T01:47:00Z,1974-1-1-00,,device_not_recording
1745286480000,2025-04-22T01:48:00Z,1974-1-1-00,,device_not_recording
1745286540000,2025-04-22T01:49:00Z,1974-1-1-00,,device_not_recording
1745286600000,2025-04-22T01:50:00Z,1974-1-1-00,,device_not_recording
1745286660000,2025-04-22T01:51:00Z,1974-1-1-00,,device_not_recording
1745286720000,2025-04-22T01:52:00Z,1974-1-1-00,,device_not_recording
1745286780000,2025-04-22T01:53:00Z,1974-1-1-00,,device_not_recording
1745286840000,2025-04-22T01:54:00Z,1974-1-1-00,,device_not_recording
1745286900000,2025-04-22T01:55:00Z,1974-1-1-00,,device_not_recording
1745286960000,2025-04-22T01:56:00Z,1974-1-1-00,,device_not_recording
1745287020000,2025-04-22T01:57:00Z,1974-1-1-00,,device_not_recording
1745287080000,2025-04-22T01:58:00Z,1974-1-1-00,,device_not_recording
1745287140000,2025-04-22T01:59:00Z,1974-1-1-00,,device_not_recording
1745287200000,2025-04-22T02:00:00Z,1974-1-1-00,,device_not_recording
1745287260000,2025-04-22T02:01:00Z,1974-1-1-00,,device_not_recording
1745287320000,2025-04-22T02:02:00Z,1974-1-1-00,,device_not_recording
1745287380000,2025-04-22T02:03:00Z,1974-1-1-00,,device_not_recording
1745287440000,2025-04-22T02:04:00Z,1974-1-1-00,,device_not_recording
1745287500000,2025-04-22T02:05:00Z,1974-1-1-00,,device_not_recording
1745287560000,2025-04-22T02:06:00Z,1974-1-1-00,,device_not_recording
1745287620000,2025-04-22T02:07:00Z,1974-1-1-00,,device_not_recording
1745287680000,2025-04-22T02:08:00Z,1974-1-1-00,,device_not_recording
1745287740000,2025-04-22T02:09:00Z,1974-1-1-00,,device_not_recording
1745287800000,2025-04-22T02:10:00Z,1974-1-1-00,,device_not_recording
1745287860000,2025-04-22T02:11:00Z,1974-1-1-00,,device_not_recording
1745287920000,2025-04-22T02:12:00Z,1974-1-1-00,,device_not_recording
1745287980000,2025-04-22T02:13:00Z,1974-1-1-00,,device_not_recording
1745288040000,2025-04-22T02:14:00Z,1974-1-1-00,,device_not_recording
1745288100000,2025-04-22T02:15:00Z,1974-1-1-00,,device_not_recording
1745288160000,2025-04-22T02:16:00Z,1974-1-1-00,,device_not_recording
1745288220000,2025-04-22T02:17:00Z,1974-1-1-00,,device_not_recording
1745288280000,2025-04-22T02:18:00Z,1974-1-1-00,,device_not_recording
1745288340000,2025-04-22T02:19:00Z,1974-1-1-00,,device_not_recording
1745288400000,2025-04-22T02:20:00Z,1974-1-1-00,,device_not_recording
1745288460000,2025-04-22T02:21:00Z,1974-1-1-00,,device_not_recording
1745288520000,2025-04-22T02:22:00Z,1974-1-1-00,,device_not_recording
1745288580000,2025-04-22T02:23:00Z,1974-1-1-00,,device_not_recording
1745288640000,2025-04-22T02:24:00Z,1974-1-1-00,,device_not_recording
1745288700000,2025-04-22T02:25:00Z,1974-1-1-00,,device_not_recording
1745288760000,2025-04-22T02:26:00Z,1974-1-1-00,,device_not_recording
1745288820000,2025-04-22T02:27:00Z,1974-1-1-00,,device_not_recording
1745288880000,2025-04-22T02:28:00Z,1974-1-1-00,,device_not_recording
1745288940000,2025-04-22T02:29:00Z,1974-1-1-00,,device_not_recording
1745289000000,2025-04-22T02:30:00Z,1974-1-1-00,,device_not_recording
1745289060000,2025-04-22T02:31:00Z,1974-1-1-00,,device_not_recording
1745289120000,2025-04-22T02:32:00Z,1974-1-1-00,,device_not_recording
1745289180000,2025-04-22T02:33:00Z,1974-1-1-00,,device_not_recording
1745289240000,2025-04-22T02:34:00Z,1974-1-1-00,,device_not_recording
1745289300000,2025-04-22T02:35:00Z,1974-1-1-00,,device_not_recording
1745289360000,2025-04-22T02:36:00Z,1974-1-1-00,,device_not_recording
1745289420000,2025-04-22T02:37:00Z,1974-1-1-00,,device_not_recording
1745289480000,2025-04-22T02:38:00Z,1974-1-1-00,,device_not_recording
1745289540000,2025-04-22T02:39:00Z,1974-1-1-00,,device_not_recording
1745289600000,2025-04-22T02:40:00Z,1974-1-1-00,,device_not_recording
1745289660000,2025-04-22T02:41:00Z,1974-1-1-00,,device_not_recording
1745289720000,2025-04-22T02:42:00Z,1974-1-1-00,,device_not_recording
1745289780000,2025-04-22T02:43:00Z,1974-1-1-00,,device_not_recording
1745289840000,2025-04-22T02:44:00Z,1974-1-1-00,,device_not_recording
1745289900000,2025-04-22T02:45:00Z,1974-1-1-00,,device_not_recording
1745289960000,2025-04-22T02:46:00Z,1974-1-1-00,,device_not_recording
1745290020000,2025-04-22T02:47:00Z,1974-1-1-00,,device_not_recording
1745290080000,2025-04-22T02:48:00Z,1974-1-1-00,,device_not_recording
1745290140000,2025-04-22T02:49:00Z,1974-1-1-00,,device_not_recording
1745290200000,2025-04-22T02:50:00Z,1974-1-1-00,,device_not_recording
1745290260000,2025-04-22T02:51:00Z,1974-1-1-00,,device_not_recording
1745290320000,2025-04-22T02:52:00Z,1974-1-1-00,,device_not_recording
1745290380000,2025-04-22T02:53:00Z,1974-1-1-00,,device_not_recording
1745290440000,2025-04-22T02:54:00Z,1974-1-1-00,,device_not_recording
1745290500000,2025-04-22T02:55:00Z,1974-1-1-00,,device_not_recording
1745290560000,2025-04-22T02:56:00Z,1974-1-1-00,,device_not_recording
1745290620000,2025-04-22T02:57:00Z,1974-1-1-00,,device_not_recording
1745290680000,2025-04-22T02:58:00Z,1974-1-1-00,,device_not_recording
1745290740000,2025-04-22T02:59:00Z,1974-1-1-00,,device_not_recording
1745290800000,2025-04-22T03:00:00Z,1974-1-1-00,,device_not_recording
1745290860000,2025-04-22T03:01:00Z,1974-1-1-00,,device_not_recording
1745290920000,2025-04-22T03:02:00Z,1974-1-1-00,,device_not_recording
1745290980000,2025-04-22T03:03:00Z,1974-1-1-00,,device_not_recording
1745291040000,2025-04-22T03:04:00Z,1974-1-1-00,,device_not_recording
1745291100000,2025-04-22T03:05:00Z,1974-1-1-00,,device_not_recording
1745291160000,2025-04-22T03:06:00Z,1974-1-1-00,,device_not_recording
1745291220000,2025-04-22T03:07:00Z,1974-1-1-00,,device_not_recording
1745291280000,2025-04-22T03:08:00Z,1974-1-1-00,,device_not_recording
1745291340000,2025-04-22T03:09:00Z,1974-1-1-00,,device_not_recording
1745291400000,2025-04-22T03:10:00Z,1974-1-1-00,,device_not_recording
1745291460000,2025-04-22T03:11:00Z,1974-1-1-00,,device_not_recording
1745291520000,2025-04-22T03:12:00Z,1974-1-1-00,,device_not_recording
1745291580000,2025-04-22T03:13:00Z,1974-1-1-00,,device_not_recording
1745291640000,2025-04-22T03:14:00Z,1974-1-1-00,,device_not_recording
1745291700000,2025-04-22T03:15:00Z,1974-1-1-00,,device_not_recording
1745291760000,2025-04-22T03:16:00Z,1974-1-1-00,,device_not_recording
1745291820000,2025-04-22T03:17:00Z,1974-1-1-00,,device_not_recording
1745291880000,2025-04-22T03:18:00Z,1974-1-1-00,,device_not_recording
1745291940000,2025-04-22T03:19:00Z,1974-1-1-00,,device_not_recording
1745292000000,2025-04-22T03:20:00Z,1974-1-1-00,,device_not_recording
1745292060000,2025-04-22T03:21:00Z,1974-1-1-00,,device_not_recording
1745292120000,2025-04-22T03:22:00Z,1974-1-1-00,,device_not_recording
1745292180000,2025-04-22T03:23:00Z,1974-1-1-00,,device_not_recording
1745292240000,2025-04-22T03:24:00Z,1974-1-1-00,,device_not_recording
1745292300000,2025-04-22T03:25:00Z,1974-1-1-00,,device_not_recording
1745292360000,2025-04-22T03:26:00Z,1974-1-1-00,,device_not_recording
1745292420000,2025-04-22T03:27:00Z,1974-1-1-00,,device_not_recording
1745292480000,2025-04-22T03:28:00Z,1974-1-1-00,,device_not_recording
1745292540000,2025-04-22T03:29:00Z,1974-1-1-00,,device_not_recording
1745292600000,2025-04-22T03:30:00Z,1974-1-1-00,,device_not_recording
1745292660000,2025-04-22T03:31:00Z,1974-1-1-00,,device_not_recording
1745292720000,2025-04-22T03:32:00Z,1974-1-1-00,,device_not_recording
1745292780000,2025-04-22T03:33:00Z,1974-1-1-00,,device_not_recording
1745292840000,2025-04-22T03:34:00Z,1974-1-1-00,,device_not_recording
1745292900000,2025-04-22T03:35:00Z,1974-1-1-00,,device_not_recording
1745292960000,2025-04-22T03:36:00Z,1974-1-1-00,,device_not_recording
1745293020000,2025-04-22T03:37:00Z,1974-1-1-00,,device_not_recording
1745293080000,2025-04-22T03:38:00Z,1974-1-1-00,,device_not_recording
1745293140000,2025-04-22T03:39:00Z,1974-1-1-00,,device_not_recording
1745293200000,2025-04-22T03:40:00Z,1974-1-1-00,,device_not_recording
1745293260000,2025-04-22T03:41:00Z,1974-1-1-00,,device_not_recording
1745293320000,2025-04-22T03:42:00Z,1974-1-1-00,,device_not_recording
1745293380000,2025-04-22T03:43:00Z,1974-1-1-00,,device_not_recording
1745293440000,2025-04-22T03:44:00Z,1974-1-1-00,,device_not_recording
1745293500000,2025-04-22T03:45:00Z,1974-1-1-00,,device_not_recording
1745293560000,2025-04-22T03:46:00Z,1974-1-1-00,,device_not_recording
1745293620000,2025-04-22T03:47:00Z,1974-1-1-00,,device_not_recording
1745293680000,2025-04-22T03:48:00Z,1974-1-1-00,,device_not_recording
1745293740000,2025-04-22T03:49:00Z,1974-1-1-00,,device_not_recording
1745293800000,2025-04-22T03:50:00Z,1974-1-1-00,,device_not_recording
1745293860000,2025-04-22T03:51:00Z,1974-1-1-00,,device_not_recording
1745293920000,2025-04-22T03:52:00Z,1974-1-1-00,,device_not_recording
1745293980000,2025-04-22T03:53:00Z,1974-1-1-00,,device_not_recording
1745294040000,2025-04-22T03:54:00Z,1974-1-1-00,,device_not_recording
1745294100000,2025-04-22T03:55:00Z,1974-1-1-00,,device_not_recording
1745294160000,2025-04-22T03:56:00Z,1974-1-1-00,,device_not_recording
1745294220000,2025-04-22T03:57:00Z,1974-1-1-00,,device_not_recording
1745294280000,2025-04-22T03:58:00Z,1974-1-1-00,,device_not_recording
1745294340000,2025-04-22T03:59:00Z,1974-1-1-00,,device_not_recording
1745294400000,2025-04-22T04:00:00Z,1974-1-1-00,,device_not_recording
1745294460000,2025-04-22T04:01:00Z,1974-1-1-00,,device_not_recording
1745294520000,2025-04-22T04:02:00Z,1974-1-1-00,,device_not_recording
1745294580000,2025-04-22T04:03:00Z,1974-1-1-00,,device_not_recording
1745294640000,2025-04-22T04:04:00Z,1974-1-1-00,,device_not_recording
1745294700000,2025-04-22T04:05:00Z,1974-1-1-00,,device_not_recording
1745294760000,2025-04-22T04:06:00Z,1974-1-1-00,,device_not_recording
1745294820000,2025-04-22T04:07:00Z,1974-1-1-00,,device_not_recording
1745294880000,2025-04-22T04:08:00Z,1974-1-1-00,,device_not_recording
1745294940000,2025-04-22T04:09:00Z,1974-1-1-00,,device_not_recording
1745295000000,2025-04-22T04:10:00Z,1974-1-1-00,,device_not_recording
1745295060000,2025-04-22T04:11:00Z,1974-1-1-00,,device_not_recording
1745295120000,2025-04-22T04:12:00Z,1974-1-1-00,,device_not_recording
1745295180000,2025-04-22T04:13:00Z,1974-1-1-00,,device_not_recording
1745295240000,2025-04-22T04:14:00Z,1974-1-1-00,,device_not_recording
1745295300000,2025-04-22T04:15:00Z,1974-1-1-00,,device_not_recording
1745295360000,2025-04-22T04:16:00Z,1974-1-1-00,,device_not_recording
1745295420000,2025-04-22T04:17:00Z,1974-1-1-00,,device_not_recording
1745295480000,2025-04-22T04:18:00Z,1974-1-1-00,,device_not_recording
1745295540000,2025-04-22T04:19:00Z,1974-1-1-00,,device_not_recording
1745295600000,2025-04-22T04:20:00Z,1974-1-1-00,,device_not_recording
1745295660000,2025-04-22T04:21:00Z,1974-1-1-00,,device_not_recording
1745295720000,2025-04-22T04:22:00Z,1974-1-1-00,,device_not_recording
1745295780000,2025-04-22T04:23:00Z,1974-1-1-00,,device_not_recording
1745295840000,2025-04-22T04:24:00Z,1974-1-1-00,,device_not_recording
1745295900000,2025-04-22T04:25:00Z,1974-1-1-00,,device_not_recording
1745295960000,2025-04-22T04:26:00Z,1974-1-1-00,,device_not_recording
1745296020000,2025-04-22T04:27:00Z,1974-1-1-00,,device_not_recording
1745296080000,2025-04-22T04:28:00Z,1974-1-1-00,,device_not_recording
1745296140000,2025-04-22T04:29:00Z,1974-1-1-00,,device_not_recording
1745296200000,2025-04-22T04:30:00Z,1974-1-1-00,,device_not_recording
1745296260000,2025-04-22T04:31:00Z,1974-1-1-00,,device_not_recording
1745296320000,2025-04-22T04:32:00Z,1974-1-1-00,,device_not_recording
1745296380000,2025-04-22T04:33:00Z,1974-1-1-00,,device_not_recording
1745296440000,2025-04-22T04:34:00Z,1974-1-1-00,,device_not_recording
1745296500000,2025-04-22T04:35:00Z,1974-1-1-00,,device_not_recording
1745296560000,2025-04-22T04:36:00Z,1974-1-1-00,,device_not_recording
1745296620000,2025-04-22T04:37:00Z,1974-1-1-00,,device_not_recording
1745296680000,2025-04-22T04:38:00Z,1974-1-1-00,,device_not_recording
1745296740000,2025-04-22T04:39:00Z,1974-1-1-00,,device_not_recording
1745296800000,2025-04-22T04:40:00Z,1974-1-1-00,,device_not_recording
1745296860000,2025-04-22T04:41:00Z,1974-1-1-00,,device_not_recording
1745296920000,2025-04-22T04:42:00Z,1974-1-1-00,,device_not_recording
1745296980000,2025-04-22T04:43:00Z,1974-1-1-00,,device_not_recording
1745297040000,2025-04-22T04:44:00Z,1974-1-1-00,,device_not_recording
1745297100000,2025-04-22T04:45:00Z,1974-1-1-00,,device_not_recording
1745297160000,2025-04-22T04:46:00Z,1974-1-1-00,,device_not_recording
1745297220000,2025-04-22T04:47:00Z,1974-1-1-00,,device_not_recording
1745297280000,2025-04-22T04:48:00Z,1974-1-1-00,,device_not_recording
1745297340000,2025-04-22T04:49:00Z,1974-1-1-00,,device_not_recording
1745297400000,2025-04-22T04:50:00Z,1974-1-1-00,,device_not_recording
1745297460000,2025-04-22T04:51:00Z,1974-1-1-00,,device_not_recording
1745297520000,2025-04-22T04:52:00Z,1974-1-1-00,,device_not_recording
1745297580000,2025-04-22T04:53:00Z,1974-1-1-00,,device_not_recording
1745297640000,2025-04-22T04:54:00Z,1974-1-1-00,,device_not_recording
1745297700000,2025-04-22T04:55:00Z,1974-1-1-00,,device_not_recording
1745297760000,2025-04-22T04:56:00Z,1974-1-1-00,,device_not_recording
1745297820000,2025-04-22T04:57:00Z,1974-1-1-00,,device_not_recording
1745297880000,2025-04-22T04:58:00Z,1974-1-1-00,,device_not_recording
1745297940000,2025-04-22T04:59:00Z,1974-1-1-00,,device_not_recording
1745298000000,2025-04-22T05:00:00Z,1974-1-1-00,,device_not_recording
1745298060000,2025-04-22T05:01:00Z,1974-1-1-00,,device_not_recording
1745298120000,2025-04-22T05:02:00Z,1974-1-1-00,,device_not_recording
1745298180000,2025-04-22T05:03:00Z,1974-1-1-00,,device_not_recording
1745298240000,2025-04-22T05:04:00Z,1974-1-1-00,,device_not_recording
1745298300000,2025-04-22T05:05:00Z,1974-1-1-00,,device_not_recording
1745298360000,2025-04-22T05:06:00Z,1974-1-1-00,,device_not_recording
1745298420000,2025-04-22T05:07:00Z,1974-1-1-00,,device_not_recording
1745298480000,2025-04-22T05:08:00Z,1974-1-1-00,,device_not_recording
1745298540000,2025-04-22T05:09:00Z,1974-1-1-00,,device_not_recording
1745298600000,2025-04-22T05:10:00Z,1974-1-1-00,,device_not_recording
1745298660000,2025-04-22T05:11:00Z,1974-1-1-00,,device_not_recording
1745298720000,2025-04-22T05:12:00Z,1974-1-1-00,,device_not_recording
1745298780000,2025-04-22T05:13:00Z,1974-1-1-00,,device_not_recording
1745298840000,2025-04-22T05:14:00Z,1974-1-1-00,,device_not_recording
1745298900000,2025-04-22T05:15:00Z,1974-1-1-00,,device_not_recording
1745298960000,2025-04-22T05:16:00Z,1974-1-1-00,,device_not_recording
1745299020000,2025-04-22T05:17:00Z,1974-1-1-00,,device_not_recording
1745299080000,2025-04-22T05:18:00Z,1974-1-1-00,,device_not_recording
1745299140000,2025-04-22T05:19:00Z,1974-1-1-00,,device_not_recording
1745299200000,2025-04-22T05:20:00Z,1974-1-1-00,,device_not_recording
1745299260000,2025-04-22T05:21:00Z,1974-1-1-00,,device_not_recording
1745299320000,2025-04-22T05:22:00Z,1974-1-1-00,,device_not_recording
1745299380000,2025-04-22T05:23:00Z,1974-1-1-00,,device_not_recording
1745299440000,2025-04-22T05:24:00Z,1974-1-1-00,,device_not_recording
1745299500000,2025-04-22T05:25:00Z,1974-1-1-00,,device_not_recording
1745299560000,2025-04-22T05:26:00Z,1974-1-1-00,,device_not_recording
1745299620000,2025-04-22T05:27:00Z,1974-1-1-00,,device_not_recording
1745299680000,2025-04-22T05:28:00Z,1974-1-1-00,,device_not_recording
1745299740000,2025-04-22T05:29:00Z,1974-1-1-00,,device_not_recording
1745299800000,2025-04-22T05:30:00Z,1974-1-1-00,,device_not_recording
1745299860000,2025-04-22T05:31:00Z,1974-1-1-00,,device_not_recording
1745299920000,2025-04-22T05:32:00Z,1974-1-1-00,,device_not_recording
1745299980000,2025-04-22T05:33:00Z,1974-1-1-00,,device_not_recording
1745300040000,2025-04-22T05:34:00Z,1974-1-1-00,,device_not_recording
1745300100000,2025-04-22T05:35:00Z,1974-1-1-00,,device_not_recording
1745300160000,2025-04-22T05:36:00Z,1974-1-1-00,,device_not_recording
1745300220000,2025-04-22T05:37:00Z,1974-1-1-00,,device_not_recording
1745300280000,2025-04-22T05:38:00Z,1974-1-1-00,,device_not_recording
1745300340000,2025-04-22T05:39:00Z,1974-1-1-00,,device_not_recording
1745300400000,2025-04-22T05:40:00Z,1974-1-1-00,,device_not_recording
1745300460000,2025-04-22T05:41:00Z,1974-1-1-00,,device_not_recording
1745300520000,2025-04-22T05:42:00Z,1974-1-1-00,,device_not_recording
1745300580000,2025-04-22T05:43:00Z,1974-1-1-00,,device_not_recording
1745300640000,2025-04-22T05:44:00Z,1974-1-1-00,,device_not_recording
1745300700000,2025-04-22T05:45:00Z,1974-1-1-00,,device_not_recording
1745300760000,2025-04-22T05:46:00Z,1974-1-1-00,,device_not_recording
1745300820000,2025-04-22T05:47:00Z,1974-1-1-00,,device_not_recording
1745300880000,2025-04-22T05:48:00Z,1974-1-1-00,,device_not_recording
1745300940000,2025-04-22T05:49:00Z,1974-1-1-00,,device_not_recording
1745301000000,2025-04-22T05:50:00Z,1974-1-1-00,,device_not_recording
1745301060000,2025-04-22T05:51:00Z,1974-1-1-00,,device_not_recording
1745301120000,2025-04-22T05:52:00Z,1974-1-1-00,,device_not_recording
1745301180000,2025-04-22T05:53:00Z,1974-1-1-00,,device_not_recording
1745301240000,2025-04-22T05:54:00Z,1974-1-1-00,,device_not_recording
1745301300000,2025-04-22T05:55:00Z,1974-1-1-00,,device_not_recording
1745301360000,2025-04-22T05:56:00Z,1974-1-1-00,,device_not_recording
1745301420000,2025-04-22T05:57:00Z,1974-1-1-00,,device_not_recording
1745301480000,2025-04-22T05:58:00Z,1974-1-1-00,,device_not_recording
1745301540000,2025-04-22T05:59:00Z,1974-1-1-00,,device_not_recording
1745301600000,2025-04-22T06:00:00Z,1974-1-1-00,,device_not_recording
1745301660000,2025-04-22T06:01:00Z,1974-1-1-00,,device_not_recording
1745301720000,2025-04-22T06:02:00Z,1974-1-1-00,,device_not_recording
1745301780000,2025-04-22T06:03:00Z,1974-1-1-00,,device_not_recording
1745301840000,2025-04-22T06:04:00Z,1974-1-1-00,,device_not_recording
1745301900000,2025-04-22T06:05:00Z,1974-1-1-00,,device_not_recording
1745301960000,2025-04-22T06:06:00Z,1974-1-1-00,,device_not_recording
1745302020000,2025-04-22T06:07:00Z,1974-1-1-00,,device_not_recording
1745302080000,2025-04-22T06:08:00Z,1974-1-1-00,,device_not_recording
1745302140000,2025-04-22T06:09:00Z,1974-1-1-00,,device_not_recording
1745302200000,2025-04-22T06:10:00Z,1974-1-1-00,,device_not_recording
1745302260000,2025-04-22T06:11:00Z,1974-1-1-00,,device_not_recording
1745302320000,2025-04-22T06:12:00Z,1974-1-1-00,,device_not_recording
1745302380000,2025-04-22T06:13:00Z,1974-1-1-00,,device_not_recording
1745302440000,2025-04-22T06:14:00Z,1974-1-1-00,,device_not_recording
1745302500000,2025-04-22T06:15:00Z,1974-1-1-00,,device_not_recording
1745302560000,2025-04-22T06:16:00Z,1974-1-1-00,,device_not_recording
1745302620000,2025-04-22T06:17:00Z,1974-1-1-00,,device_not_recording
1745302680000,2025-04-22T06:18:00Z,1974-1-1-00,,device_not_recording
1745302740000,2025-04-22T06:19:00Z,1974-1-1-00,,device_not_recording
1745302800000,2025-04-22T06:20:00Z,1974-1-1-00,,device_not_recording
1745302860000,2025-04-22T06:21:00Z,1974-1-1-00,,device_not_recording
1745302920000,2025-04-22T06:22:00Z,1974-1-1-00,,device_not_recording
1745302980000,2025-04-22T06:23:00Z,1974-1-1-00,,device_not_recording
1745303040000,2025-04-22T06:24:00Z,1974-1-1-00,,device_not_recording
1745303100000,2025-04-22T06:25:00Z,1974-1-1-00,,device_not_recording
1745303160000,2025-04-22T06:26:00Z,1974-1-1-00,,device_not_recording
1745303220000,2025-04-22T06:27:00Z,1974-1-1-00,,device_not_recording
1745303280000,2025-04-22T06:28:00Z,1974-1-1-00,,device_not_recording
1745303340000,2025-04-22T06:29:00Z,1974-1-1-00,,device_not_recording
1745303400000,2025-04-22T06:30:00Z,1974-1-1-00,,device_not_recording
1745303460000,2025-04-22T06:31:00Z,1974-1-1-00,,device_not_recording
1745303520000,2025-04-22T06:32:00Z,1974-1-1-00,,device_not_recording
1745303580000,2025-04-22T06:33:00Z,1974-1-1-00,,device_not_recording
1745303640000,2025-04-22T06:34:00Z,1974-1-1-00,,device_not_recording
1745303700000,2025-04-22T06:35:00Z,1974-1-1-00,,device_not_recording
1745303760000,2025-04-22T06:36:00Z,1974-1-1-00,,device_not_recording
1745303820000,2025-04-22T06:37:00Z,1974-1-1-00,,device_not_recording
1745303880000,2025-04-22T06:38:00Z,1974-1-1-00,,device_not_recording
1745303940000,2025-04-22T06:39:00Z,1974-1-1-00,,device_not_recording
1745304000000,2025-04-22T06:40:00Z,1974-1-1-00,,device_not_recording
1745304060000,2025-04-22T06:41:00Z,1974-1-1-00,,device_not_recording
1745304120000,2025-04-22T06:42:00Z,1974-1-1-00,,device_not_recording
1745304180000,2025-04-22T06:43:00Z,1974-1-1-00,,device_not_recording
1745304240000,2025-04-22T06:44:00Z,1974-1-1-00,,device_not_recording
1745304300000,2025-04-22T06:45:00Z,1974-1-1-00,,device_not_recording
1745304360000,2025-04-22T06:46:00Z,1974-1-1-00,,device_not_recording
1745304420000,2025-04-22T06:47:00Z,1974-1-1-00,,device_not_recording
1745304480000,2025-04-22T06:48:00Z,1974-1-1-00,,device_not_recording
1745304540000,2025-04-22T06:49:00Z,1974-1-1-00,,device_not_recording
1745304600000,2025-04-22T06:50:00Z,1974-1-1-00,,device_not_recording
1745304660000,2025-04-22T06:51:00Z,1974-1-1-00,,device_not_recording
1745304720000,2025-04-22T06:52:00Z,1974-1-1-00,,device_not_recording
1745304780000,2025-04-22T06:53:00Z,1974-1-1-00,,device_not_recording
1745304840000,2025-04-22T06:54:00Z,1974-1-1-00,,device_not_recording
1745304900000,2025-04-22T06:55:00Z,1974-1-1-00,,device_not_recording
1745304960000,2025-04-22T06:56:00Z,1974-1-1-00,,device_not_recording
1745305020000,2025-04-22T06:57:00Z,1974-1-1-00,,device_not_recording
1745305080000,2025-04-22T06:58:00Z,1974-1-1-00,,device_not_recording
1745305140000,2025-04-22T06:59:00Z,1974-1-1-00,,device_not_recording
1745305200000,2025-04-22T07:00:00Z,1974-1-1-00,,device_not_recording
1745305260000,2025-04-22T07:01:00Z,1974-1-1-00,,device_not_recording
1745305320000,2025-04-22T07:02:00Z,1974-1-1-00,,device_not_recording
1745305380000,2025-04-22T07:03:00Z,1974-1-1-00,,device_not_recording
1745305440000,2025-04-22T07:04:00Z,1974-1-1-00,,device_not_recording
1745305500000,2025-04-22T07:05:00Z,1974-1-1-00,,device_not_recording
1745305560000,2025-04-22T07:06:00Z,1974-1-1-00,,device_not_recording
1745305620000,2025-04-22T07:07:00Z,1974-1-1-00,,device_not_recording
1745305680000,2025-04-22T07:08:00Z,1974-1-1-00,,device_not_recording
1745305740000,2025-04-22T07:09:00Z,1974-1-1-00,,device_not_recording
1745305800000,2025-04-22T07:10:00Z,1974-1-1-00,,device_not_recording
1745305860000,2025-04-22T07:11:00Z,1974-1-1-00,,device_not_recording
1745305920000,2025-04-22T07:12:00Z,1974-1-1-00,,device_not_recording
1745305980000,2025-04-22T07:13:00Z,1974-1-1-00,,device_not_recording
1745306040000,2025-04-22T07:14:00Z,1974-1-1-00,,device_not_recording
1745306100000,2025-04-22T07:15:00Z,1974-1-1-00,,device_not_recording
1745306160000,2025-04-22T07:16:00Z,1974-1-1-00,,device_not_recording
1745306220000,2025-04-22T07:17:00Z,1974-1-1-00,,device_not_recording
1745306280000,2025-04-22T07:18:00Z,1974-1-1-00,,device_not_recording
1745306340000,2025-04-22T07:19:00Z,1974-1-1-00,,device_not_recording
1745306400000,2025-04-22T07:20:00Z,1974-1-1-00,,device_not_recording
1745306460000,2025-04-22T07:21:00Z,1974-1-1-00,,device_not_recording
1745306520000,2025-04-22T07:22:00Z,1974-1-1-00,,device_not_recording
1745306580000,2025-04-22T07:23:00Z,1974-1-1-00,,device_not_recording
1745306640000,2025-04-22T07:24:00Z,1974-1-1-00,,device_not_recording
1745306700000,2025-04-22T07:25:00Z,1974-1-1-00,,device_not_recording
1745306760000,2025-04-22T07:26:00Z,1974-1-1-00,,device_not_recording
1745306820000,2025-04-22T07:27:00Z,1974-1-1-00,,device_not_recording
1745306880000,2025-04-22T07:28:00Z,1974-1-1-00,,device_not_recording
1745306940000,2025-04-22T07:29:00Z,1974-1-1-00,,device_not_recording
1745307000000,2025-04-22T07:30:00Z,1974-1-1-00,,device_not_recording
1745307060000,2025-04-22T07:31:00Z,1974-1-1-00,,device_not_recording
1745307120000,2025-04-22T07:32:00Z,1974-1-1-00,,device_not_recording
1745307180000,2025-04-22T07:33:00Z,1974-1-1-00,,device_not_recording
1745307240000,2025-04-22T07:34:00Z,1974-1-1-00,,device_not_recording
1745307300000,2025-04-22T07:35:00Z,1974-1-1-00,,device_not_recording
1745307360000,2025-04-22T07:36:00Z,1974-1-1-00,,device_not_recording
1745307420000,2025-04-22T07:37:00Z,1974-1-1-00,,device_not_recording
1745307480000,2025-04-22T07:38:00Z,1974-1-1-00,,device_not_recording
1745307540000,2025-04-22T07:39:00Z,1974-1-1-00,,device_not_recording
1745307600000,2025-04-22T07:40:00Z,1974-1-1-00,,device_not_recording
1745307660000,2025-04-22T07:41:00Z,1974-1-1-00,,device_not_recording
1745307720000,2025-04-22T07:42:00Z,1974-1-1-00,,device_not_recording
1745307780000,2025-04-22T07:43:00Z,1974-1-1-00,,device_not_recording
1745307840000,2025-04-22T07:44:00Z,1974-1-1-00,,device_not_recording
1745307900000,2025-04-22T07:45:00Z,1974-1-1-00,,device_not_recording
1745307960000,2025-04-22T07:46:00Z,1974-1-1-00,,device_not_recording
1745308020000,2025-04-22T07:47:00Z,1974-1-1-00,,device_not_recording
1745308080000,2025-04-22T07:48:00Z,1974-1-1-00,,device_not_recording
1745308140000,2025-04-22T07:49:00Z,1974-1-1-00,,device_not_recording
1745308200000,2025-04-22T07:50:00Z,1974-1-1-00,,device_not_recording
1745308260000,2025-04-22T07:51:00Z,1974-1-1-00,,device_not_recording
1745308320000,2025-04-22T07:52:00Z,1974-1-1-00,,device_not_recording
1745308380000,2025-04-22T07:53:00Z,1974-1-1-00,,device_not_recording
1745308440000,2025-04-22T07:54:00Z,1974-1-1-00,,device_not_recording
1745308500000,2025-04-22T07:55:00Z,1974-1-1-00,,device_not_recording
1745308560000,2025-04-22T07:56:00Z,1974-1-1-00,,device_not_recording
1745308620000,2025-04-22T07:57:00Z,1974-1-1-00,,device_not_recording
1745308680000,2025-04-22T07:58:00Z,1974-1-1-00,,device_not_recording
1745308740000,2025-04-22T07:59:00Z,1974-1-1-00,,device_not_recording
1745308800000,2025-04-22T08:00:00Z,1974-1-1-00,,device_not_recording
1745308860000,2025-04-22T08:01:00Z,1974-1-1-00,,device_not_recording
1745308920000,2025-04-22T08:02:00Z,1974-1-1-00,,device_not_recording
1745308980000,2025-04-22T08:03:00Z,1974-1-1-00,,device_not_recording
1745309040000,2025-04-22T08:04:00Z,1974-1-1-00,,device_not_recording
1745309100000,2025-04-22T08:05:00Z,1974-1-1-00,,device_not_recording
1745309160000,2025-04-22T08:06:00Z,1974-1-1-00,,device_not_recording
1745309220000,2025-04-22T08:07:00Z,1974-1-1-00,,device_not_recording
1745309280000,2025-04-22T08:08:00Z,1974-1-1-00,,device_not_recording
1745309340000,2025-04-22T08:09:00Z,1974-1-1-00,,device_not_recording
1745309400000,2025-04-22T08:10:00Z,1974-1-1-00,,device_not_recording
1745309460000,2025-04-22T08:11:00Z,1974-1-1-00,,device_not_recording
1745309520000,2025-04-22T08:12:00Z,1974-1-1-00,,device_not_recording
1745309580000,2025-04-22T08:13:00Z,1974-1-1-00,,device_not_recording
1745309640000,2025-04-22T08:14:00Z,1974-1-1-00,,device_not_recording
1745309700000,2025-04-22T08:15:00Z,1974-1-1-00,,device_not_recording
1745309760000,2025-04-22T08:16:00Z,1974-1-1-00,,device_not_recording
1745309820000,2025-04-22T08:17:00Z,1974-1-1-00,,device_not_recording
1745309880000,2025-04-22T08:18:00Z,1974-1-1-00,,device_not_recording
1745309940000,2025-04-22T08:19:00Z,1974-1-1-00,,device_not_recording
1745310000000,2025-04-22T08:20:00Z,1974-1-1-00,,device_not_recording
1745310060000,2025-04-22T08:21:00Z,1974-1-1-00,,device_not_recording
1745310120000,2025-04-22T08:22:00Z,1974-1-1-00,,device_not_recording
1745310180000,2025-04-22T08:23:00Z,1974-1-1-00,,device_not_recording
1745310240000,2025-04-22T08:24:00Z,1974-1-1-00,,device_not_recording
1745310300000,2025-04-22T08:25:00Z,1974-1-1-00,,device_not_recording
1745310360000,2025-04-22T08:26:00Z,1974-1-1-00,,device_not_recording
1745310420000,2025-04-22T08:27:00Z,1974-1-1-00,,device_not_recording
1745310480000,2025-04-22T08:28:00Z,1974-1-1-00,,device_not_recording
1745310540000,2025-04-22T08:29:00Z,1974-1-1-00,,device_not_recording
1745310600000,2025-04-22T08:30:00Z,1974-1-1-00,,device_not_recording
1745310660000,2025-04-22T08:31:00Z,1974-1-1-00,,device_not_recording
1745310720000,2025-04-22T08:32:00Z,1974-1-1-00,,device_not_recording
1745310780000,2025-04-22T08:33:00Z,1974-1-1-00,,device_not_recording
1745310840000,2025-04-22T08:34:00Z,1974-1-1-00,,device_not_recording
1745310900000,2025-04-22T08:35:00Z,1974-1-1-00,,device_not_recording
1745310960000,2025-04-22T08:36:00Z,1974-1-1-00,,device_not_recording
1745311020000,2025-04-22T08:37:00Z,1974-1-1-00,,device_not_recording
1745311080000,2025-04-22T08:38:00Z,1974-1-1-00,,device_not_recording
1745311140000,2025-04-22T08:39:00Z,1974-1-1-00,,device_not_recording
1745311200000,2025-04-22T08:40:00Z,1974-1-1-00,,device_not_recording
1745311260000,2025-04-22T08:41:00Z,1974-1-1-00,,device_not_recording
1745311320000,2025-04-22T08:42:00Z,1974-1-1-00,,device_not_recording
1745311380000,2025-04-22T08:43:00Z,1974-1-1-00,,device_not_recording
1745311440000,2025-04-22T08:44:00Z,1974-1-1-00,,device_not_recording
1745311500000,2025-04-22T08:45:00Z,1974-1-1-00,,device_not_recording
1745311560000,2025-04-22T08:46:00Z,1974-1-1-00,,device_not_recording
1745311620000,2025-04-22T08:47:00Z,1974-1-1-00,,device_not_recording
1745311680000,2025-04-22T08:48:00Z,1974-1-1-00,,device_not_recording
1745311740000,2025-04-22T08:49:00Z,1974-1-1-00,,device_not_recording
1745311800000,2025-04-22T08:50:00Z,1974-1-1-00,,device_not_recording
1745311860000,2025-04-22T08:51:00Z,1974-1-1-00,,device_not_recording
1745311920000,2025-04-22T08:52:00Z,1974-1-1-00,,device_not_recording
1745311980000,2025-04-22T08:53:00Z,1974-1-1-00,,device_not_recording
1745312040000,2025-04-22T08:54:00Z,1974-1-1-00,,device_not_recording
1745312100000,2025-04-22T08:55:00Z,1974-1-1-00,,device_not_recording
1745312160000,2025-04-22T08:56:00Z,1974-1-1-00,,device_not_recording
1745312220000,2025-04-22T08:57:00Z,1974-1-1-00,,device_not_recording
1745312280000,2025-04-22T08:58:00Z,1974-1-1-00,,device_not_recording
1745312340000,2025-04-22T08:59:00Z,1974-1-1-00,,device_not_recording
1745312400000,2025-04-22T09:00:00Z,1974-1-1-00,,device_not_recording
1745312460000,2025-04-22T09:01:00Z,1974-1-1-00,,device_not_recording
1745312520000,2025-04-22T09:02:00Z,1974-1-1-00,,device_not_recording
1745312580000,2025-04-22T09:03:00Z,1974-1-1-00,,device_not_recording
1745312640000,2025-04-22T09:04:00Z,1974-1-1-00,,device_not_recording
1745312700000,2025-04-22T09:05:00Z,1974-1-1-00,,device_not_recording
1745312760000,2025-04-22T09:06:00Z,1974-1-1-00,,device_not_recording
1745312820000,2025-04-22T09:07:00Z,1974-1-1-00,,device_not_recording
1745312880000,2025-04-22T09:08:00Z,1974-1-1-00,,device_not_recording
1745312940000,2025-04-22T09:09:00Z,1974-1-1-00,,device_not_recording
1745313000000,2025-04-22T09:10:00Z,1974-1-1-00,,device_not_recording
1745313060000,2025-04-22T09:11:00Z,1974-1-1-00,,device_not_recording
1745313120000,2025-04-22T09:12:00Z,1974-1-1-00,,device_not_recording
1745313180000,2025-04-22T09:13:00Z,1974-1-1-00,,device_not_recording
1745313240000,2025-04-22T09:14:00Z,1974-1-1-00,,device_not_recording
1745313300000,2025-04-22T09:15:00Z,1974-1-1-00,,device_not_recording
1745313360000,2025-04-22T09:16:00Z,1974-1-1-00,,device_not_recording
1745313420000,2025-04-22T09:17:00Z,1974-1-1-00,,device_not_recording
1745313480000,2025-04-22T09:18:00Z,1974-1-1-00,,device_not_recording
1745313540000,2025-04-22T09:19:00Z,1974-1-1-00,,device_not_recording
1745313600000,2025-04-22T09:20:00Z,1974-1-1-00,,device_not_recording
1745313660000,2025-04-22T09:21:00Z,1974-1-1-00,,device_not_recording
1745313720000,2025-04-22T09:22:00Z,1974-1-1-00,,device_not_recording
1745313780000,2025-04-22T09:23:00Z,1974-1-1-00,,device_not_recording
1745313840000,2025-04-22T09:24:00Z,1974-1-1-00,,device_not_recording
1745313900000,2025-04-22T09:25:00Z,1974-1-1-00,,device_not_recording
1745313960000,2025-04-22T09:26:00Z,1974-1-1-00,,device_not_recording
1745314020000,2025-04-22T09:27:00Z,1974-1-1-00,,device_not_recording
1745314080000,2025-04-22T09:28:00Z,1974-1-1-00,,device_not_recording
1745314140000,2025-04-22T09:29:00Z,1974-1-1-00,,device_not_recording
1745314200000,2025-04-22T09:30:00Z,1974-1-1-00,,device_not_recording
1745314260000,2025-04-22T09:31:00Z,1974-1-1-00,,device_not_recording
1745314320000,2025-04-22T09:32:00Z,1974-1-1-00,,device_not_recording
1745314380000,2025-04-22T09:33:00Z,1974-1-1-00,,device_not_recording
1745314440000,2025-04-22T09:34:00Z,1974-1-1-00,,device_not_recording
1745314500000,2025-04-22T09:35:00Z,1974-1-1-00,,device_not_recording
1745314560000,2025-04-22T09:36:00Z,1974-1-1-00,,device_not_recording
1745314620000,2025-04-22T09:37:00Z,1974-1-1-00,,device_not_recording
1745314680000,2025-04-22T09:38:00Z,1974-1-1-00,,device_not_recording
1745314740000,2025-04-22T09:39:00Z,1974-1-1-00,,device_not_recording
1745314800000,2025-04-22T09:40:00Z,1974-1-1-00,,device_not_recording
1745314860000,2025-04-22T09:41:00Z,1974-1-1-00,,device_not_recording
1745314920000,2025-04-22T09:42:00Z,1974-1-1-00,,device_not_recording
1745314980000,2025-04-22T09:43:00Z,1974-1-1-00,,device_not_recording
1745315040000,2025-04-22T09:44:00Z,1974-1-1-00,,device_not_recording
1745315100000,2025-04-22T09:45:00Z,1974-1-1-00,,device_not_recording
1745315160000,2025-04-22T09:46:00Z,1974-1-1-00,,device_not_recording
1745315220000,2025-04-22T09:47:00Z,1974-1-1-00,,device_not_recording
1745315280000,2025-04-22T09:48:00Z,1974-1-1-00,,device_not_recording
1745315340000,2025-04-22T09:49:00Z,1974-1-1-00,,device_not_recording
1745315400000,2025-04-22T09:50:00Z,1974-1-1-00,,device_not_recording
1745315460000,2025-04-22T09:51:00Z,1974-1-1-00,,device_not_recording
1745315520000,2025-04-22T09:52:00Z,1974-1-1-00,,device_not_recording
1745315580000,2025-04-22T09:53:00Z,1974-1-1-00,,device_not_recording
1745315640000,2025-04-22T09:54:00Z,1974-1-1-00,,device_not_recording
1745315700000,2025-04-22T09:55:00Z,1974-1-1-00,,device_not_recording
1745315760000,2025-04-22T09:56:00Z,1974-1-1-00,,device_not_recording
1745315820000,2025-04-22T09:57:00Z,1974-1-1-00,,device_not_recording
1745315880000,2025-04-22T09:58:00Z,1974-1-1-00,,device_not_recording
1745315940000,2025-04-22T09:59:00Z,1974-1-1-00,,device_not_recording
1745316000000,2025-04-22T10:00:00Z,1974-1-1-00,,device_not_recording
1745316060000,2025-04-22T10:01:00Z,1974-1-1-00,,device_not_recording
1745316120000,2025-04-22T10:02:00Z,1974-1-1-00,,device_not_recording
1745316180000,2025-04-22T10:03:00Z,1974-1-1-00,,device_not_recording
1745316240000,2025-04-22T10:04:00Z,1974-1-1-00,,device_not_recording
1745316300000,2025-04-22T10:05:00Z,1974-1-1-00,,device_not_recording
1745316360000,2025-04-22T10:06:00Z,1974-1-1-00,,device_not_recording
1745316420000,2025-04-22T10:07:00Z,1974-1-1-00,,device_not_recording
1745316480000,2025-04-22T10:08:00Z,1974-1-1-00,,device_not_recording
1745316540000,2025-04-22T10:09:00Z,1974-1-1-00,,device_not_recording
1745316600000,2025-04-22T10:10:00Z,1974-1-1-00,,device_not_recording
1745316660000,2025-04-22T10:11:00Z,1974-1-1-00,,device_not_recording
1745316720000,2025-04-22T10:12:00Z,1974-1-1-00,,device_not_recording
1745316780000,2025-04-22T10:13:00Z,1974-1-1-00,,device_not_recording
1745316840000,2025-04-22T10:14:00Z,1974-1-1-00,,device_not_recording
1745316900000,2025-04-22T10:15:00Z,1974-1-1-00,,device_not_recording
1745316960000,2025-04-22T10:16:00Z,1974-1-1-00,,device_not_recording
1745317020000,2025-04-22T10:17:00Z,1974-1-1-00,,device_not_recording
1745317080000,2025-04-22T10:18:00Z,1974-1-1-00,,device_not_recording
1745317140000,2025-04-22T10:19:00Z,1974-1-1-00,,device_not_recording
1745317200000,2025-04-22T10:20:00Z,1974-1-1-00,,device_not_recording
1745317260000,2025-04-22T10:21:00Z,1974-1-1-00,,device_not_recording
1745317320000,2025-04-22T10:22:00Z,1974-1-1-00,,device_not_recording
1745317380000,2025-04-22T10:23:00Z,1974-1-1-00,,device_not_recording
1745317440000,2025-04-22T10:24:00Z,1974-1-1-00,,device_not_recording
1745317500000,2025-04-22T10:25:00Z,1974-1-1-00,,device_not_recording
1745317560000,2025-04-22T10:26:00Z,1974-1-1-00,,device_not_recording
1745317620000,2025-04-22T10:27:00Z,1974-1-1-00,,device_not_recording
1745317680000,2025-04-22T10:28:00Z,1974-1-1-00,,device_not_recording
1745317740000,2025-04-22T10:29:00Z,1974-1-1-00,,device_not_recording
1745317800000,2025-04-22T10:30:00Z,1974-1-1-00,,device_not_recording
1745317860000,2025-04-22T10:31:00Z,1974-1-1-00,,device_not_recording
1745317920000,2025-04-22T10:32:00Z,1974-1-1-00,,device_not_recording
1745317980000,2025-04-22T10:33:00Z,1974-1-1-00,,device_not_recording
1745318040000,2025-04-22T10:34:00Z,1974-1-1-00,,device_not_recording
1745318100000,2025-04-22T10:35:00Z,1974-1-1-00,,device_not_recording
1745318160000,2025-04-22T10:36:00Z,1974-1-1-00,,device_not_recording
1745318220000,2025-04-22T10:37:00Z,1974-1-1-00,,device_not_recording
1745318280000,2025-04-22T10:38:00Z,1974-1-1-00,,device_not_recording
1745318340000,2025-04-22T10:39:00Z,1974-1-1-00,,device_not_recording
1745318400000,2025-04-22T10:40:00Z,1974-1-1-00,,device_not_recording
1745318460000,2025-04-22T10:41:00Z,1974-1-1-00,,device_not_recording
1745318520000,2025-04-22T10:42:00Z,1974-1-1-00,,device_not_recording
1745318580000,2025-04-22T10:43:00Z,1974-1-1-00,,device_not_recording
1745318640000,2025-04-22T10:44:00Z,1974-1-1-00,,device_not_recording
1745318700000,2025-04-22T10:45:00Z,1974-1-1-00,,device_not_recording
1745318760000,2025-04-22T10:46:00Z,1974-1-1-00,,device_not_recording
1745318820000,2025-04-22T10:47:00Z,1974-1-1-00,,device_not_recording
1745318880000,2025-04-22T10:48:00Z,1974-1-1-00,,device_not_recording
1745318940000,2025-04-22T10:49:00Z,1974-1-1-00,,device_not_recording
1745319000000,2025-04-22T10:50:00Z,1974-1-1-00,,device_not_recording
1745319060000,2025-04-22T10:51:00Z,1974-1-1-00,,device_not_recording
1745319120000,2025-04-22T10:52:00Z,1974-1-1-00,,device_not_recording
1745319180000,2025-04-22T10:53:00Z,1974-1-1-00,,device_not_recording
1745319240000,2025-04-22T10:54:00Z,1974-1-1-00,,device_not_recording
1745319300000,2025-04-22T10:55:00Z,1974-1-1-00,,device_not_recording
1745319360000,2025-04-22T10:56:00Z,1974-1-1-00,,device_not_recording
1745319420000,2025-04-22T10:57:00Z,1974-1-1-00,,device_not_recording
1745319480000,2025-04-22T10:58:00Z,1974-1-1-00,,device_not_recording
1745319540000,2025-04-22T10:59:00Z,1974-1-1-00,,device_not_recording
1745319600000,2025-04-22T11:00:00Z,1974-1-1-00,,device_not_recording
1745319660000,2025-04-22T11:01:00Z,1974-1-1-00,,device_not_recording
1745319720000,2025-04-22T11:02:00Z,1974-1-1-00,,device_not_recording
1745319780000,2025-04-22T11:03:00Z,1974-1-1-00,,device_not_recording
1745319840000,2025-04-22T11:04:00Z,1974-1-1-00,,device_not_recording
1745319900000,2025-04-22T11:05:00Z,1974-1-1-00,,device_not_recording
1745319960000,2025-04-22T11:06:00Z,1974-1-1-00,,device_not_recording
1745320020000,2025-04-22T11:07:00Z,1974-1-1-00,,device_not_recording
1745320080000,2025-04-22T11:08:00Z,1974-1-1-00,,device_not_recording
1745320140000,2025-04-22T11:09:00Z,1974-1-1-00,,device_not_recording
1745320200000,2025-04-22T11:10:00Z,1974-1-1-00,,device_not_recording
1745320260000,2025-04-22T11:11:00Z,1974-1-1-00,,device_not_recording
1745320320000,2025-04-22T11:12:00Z,1974-1-1-00,,device_not_recording
1745320380000,2025-04-22T11:13:00Z,1974-1-1-00,,device_not_recording
1745320440000,2025-04-22T11:14:00Z,1974-1-1-00,,device_not_recording
1745320500000,2025-04-22T11:15:00Z,1974-1-1-00,,device_not_recording
1745320560000,2025-04-22T11:16:00Z,1974-1-1-00,,device_not_recording
1745320620000,2025-04-22T11:17:00Z,1974-1-1-00,,device_not_recording
1745320680000,2025-04-22T11:18:00Z,1974-1-1-00,,device_not_recording
1745320740000,2025-04-22T11:19:00Z,1974-1-1-00,,device_not_recording
1745320800000,2025-04-22T11:20:00Z,1974-1-1-00,,device_not_recording
1745320860000,2025-04-22T11:21:00Z,1974-1-1-00,,device_not_recording
1745320920000,2025-04-22T11:22:00Z,1974-1-1-00,,device_not_recording
1745320980000,2025-04-22T11:23:00Z,1974-1-1-00,,device_not_recording
1745321040000,2025-04-22T11:24:00Z,1974-1-1-00,,device_not_recording
1745321100000,2025-04-22T11:25:00Z,1974-1-1-00,,device_not_recording
1745321160000,2025-04-22T11:26:00Z,1974-1-1-00,,device_not_recording
1745321220000,2025-04-22T11:27:00Z,1974-1-1-00,,device_not_recording
1745321280000,2025-04-22T11:28:00Z,1974-1-1-00,,device_not_recording
1745321340000,2025-04-22T11:29:00Z,1974-1-1-00,,device_not_recording
1745321400000,2025-04-22T11:30:00Z,1974-1-1-00,,device_not_recording
1745321460000,2025-04-22T11:31:00Z,1974-1-1-00,,device_not_recording
1745321520000,2025-04-22T11:32:00Z,1974-1-1-00,,device_not_recording
1745321580000,2025-04-22T11:33:00Z,1974-1-1-00,,device_not_recording
1745321640000,2025-04-22T11:34:00Z,1974-1-1-00,,device_not_recording
1745321700000,2025-04-22T11:35:00Z,1974-1-1-00,,device_not_recording
1745321760000,2025-04-22T11:36:00Z,1974-1-1-00,,device_not_recording
1745321820000,2025-04-22T11:37:00Z,1974-1-1-00,,device_not_recording
1745321880000,2025-04-22T11:38:00Z,1974-1-1-00,,device_not_recording
1745321940000,2025-04-22T11:39:00Z,1974-1-1-00,,device_not_recording
1745322000000,2025-04-22T11:40:00Z,1974-1-1-00,,device_not_recording
1745322060000,2025-04-22T11:41:00Z,1974-1-1-00,,device_not_recording
1745322120000,2025-04-22T11:42:00Z,1974-1-1-00,,device_not_recording
1745322180000,2025-04-22T11:43:00Z,1974-1-1-00,,device_not_recording
1745322240000,2025-04-22T11:44:00Z,1974-1-1-00,,device_not_recording
1745322300000,2025-04-22T11:45:00Z,1974-1-1-00,,device_not_recording
1745322360000,2025-04-22T11:46:00Z,1974-1-1-00,,device_not_recording
1745322420000,2025-04-22T11:47:00Z,1974-1-1-00,,device_not_recording
1745322480000,2025-04-22T11:48:00Z,1974-1-1-00,,device_not_recording
1745322540000,2025-04-22T11:49:00Z,1974-1-1-00,,device_not_recording
1745322600000,2025-04-22T11:50:00Z,1974-1-1-00,,device_not_recording
1745322660000,2025-04-22T11:51:00Z,1974-1-1-00,,device_not_recording
1745322720000,2025-04-22T11:52:00Z,1974-1-1-00,,device_not_recording
1745322780000,2025-04-22T11:53:00Z,1974-1-1-00,,device_not_recording
1745322840000,2025-04-22T11:54:00Z,1974-1-1-00,,device_not_recording
1745322900000,2025-04-22T11:55:00Z,1974-1-1-00,,device_not_recording
1745322960000,2025-04-22T11:56:00Z,1974-1-1-00,,device_not_recording
1745323020000,2025-04-22T11:57:00Z,1974-1-1-00,,device_not_recording
1745323080000,2025-04-22T11:58:00Z,1974-1-1-00,,device_not_recording
1745323140000,2025-04-22T11:59:00Z,1974-1-1-00,,device_not_recording
1745323200000,2025-04-22T12:00:00Z,1974-1-1-00,,device_not_recording
1745323260000,2025-04-22T12:01:00Z,1974-1-1-00,,device_not_recording
1745323320000,2025-04-22T12:02:00Z,1974-1-1-00,,device_not_recording
1745323380000,2025-04-22T12:03:00Z,1974-1-1-00,,device_not_recording
1745323440000,2025-04-22T12:04:00Z,1974-1-1-00,,device_not_recording
1745323500000,2025-04-22T12:05:00Z,1974-1-1-00,,device_not_recording
1745323560000,2025-04-22T12:06:00Z,1974-1-1-00,,device_not_recording
1745323620000,2025-04-22T12:07:00Z,1974-1-1-00,,device_not_recording
1745323680000,2025-04-22T12:08:00Z,1974-1-1-00,sedentary,
1745323740000,2025-04-22T12:09:00Z,1974-1-1-00,sedentary,
1745323800000,2025-04-22T12:10:00Z,1974-1-1-00,LPA,
1745323860000,2025-04-22T12:11:00Z,1974-1-1-00,LPA,
1745323920000,2025-04-22T12:12:00Z,1974-1-1-00,sedentary,
1745323980000,2025-04-22T12:13:00Z,1974-1-1-00,sedentary,
1745324040000,2025-04-22T12:14:00Z,1974-1-1-00,MPA,
1745324100000,2025-04-22T12:15:00Z,1974-1-1-00,sedentary,
1745324160000,2025-04-22T12:16:00Z,1974-1-1-00,LPA,
1745324220000,2025-04-22T12:17:00Z,1974-1-1-00,MPA,
1745324280000,2025-04-22T12:18:00Z,1974-1-1-00,MPA,
1745324340000,2025-04-22T12:19:00Z,1974-1-1-00,LPA,
1745324400000,2025-04-22T12:20:00Z,1974-1-1-00,LPA,
1745324460000,2025-04-22T12:21:00Z,1974-1-1-00,LPA,
1745324520000,2025-04-22T12:22:00Z,1974-1-1-00,LPA,
1745324580000,2025-04-22T12:23:00Z,1974-1-1-00,LPA,
1745324640000,2025-04-22T12:24:00Z,1974-1-1-00,MPA,
1745324700000,2025-04-22T12:25:00Z,1974-1-1-00,LPA,
1745324760000,2025-04-22T12:26:00Z,1974-1-1-00,LPA,
1745324820000,2025-04-22T12:27:00Z,1974-1-1-00,LPA,
1745324880000,2025-04-22T12:28:00Z,1974-1-1-00,,device_not_recording
1745324940000,2025-04-22T12:29:00Z,1974-1-1-00,,device_not_recording
1745325000000,2025-04-22T12:30:00Z,1974-1-1-00,,device_not_recording
1745325060000,2025-04-22T12:31:00Z,1974-1-1-00,,device_not_recording
1745325120000,2025-04-22T12:32:00Z,1974-1-1-00,,device_not_recording
1745325180000,2025-04-22T12:33:00Z,1974-1-1-00,,device_not_recording
1745325240000,2025-04-22T12:34:00Z,1974-1-1-00,,device_not_recording
1745325300000,2025-04-22T12:35:00Z,1974-1-1-00,,device_not_recording
1745325360000,2025-04-22T12:36:00Z,1974-1-1-00,,device_not_recording
1745325420000,2025-04-22T12:37:00Z,1974-1-1-00,,device_not_recording
1745325480000,2025-04-22T12:38:00Z,1974-1-1-00,,device_not_recording
1745325540000,2025-04-22T12:39:00Z,1974-1-1-00,,device_not_recording
1745325600000,2025-04-22T12:40:00Z,1974-1-1-00,,device_not_recording
1745325660000,2025-04-22T12:41:00Z,1974-1-1-00,,device_not_recording
1745325720000,2025-04-22T12:42:00Z,1974-1-1-00,,device_not_recording
1745325780000,2025-04-22T12:43:00Z,1974-1-1-00,,device_not_recording
1745325840000,2025-04-22T12:44:00Z,1974-1-1-00,,device_not_recording
1745325900000,2025-04-22T12:45:00Z,1974-1-1-00,,device_not_recording
1745325960000,2025-04-22T12:46:00Z,1974-1-1-00,,device_not_recording
1745326020000,2025-04-22T12:47:00Z,1974-1-1-00,,device_not_recording
1745326080000,2025-04-22T12:48:00Z,1974-1-1-00,,device_not_recording
1745326140000,2025-04-22T12:49:00Z,1974-1-1-00,,device_not_recording
1745326200000,2025-04-22T12:50:00Z,1974-1-1-00,,device_not_recording
1745326260000,2025-04-22T12:51:00Z,1974-1-1-00,,device_not_recording
1745326320000,2025-04-22T12:52:00Z,1974-1-1-00,,device_not_recording
1745326380000,2025-04-22T12:53:00Z,1974-1-1-00,,device_not_recording
1745326440000,2025-04-22T12:54:00Z,1974-1-1-00,,device_not_recording
1745326500000,2025-04-22T12:55:00Z,1974-1-1-00,,device_not_recording
1745326560000,2025-04-22T12:56:00Z,1974-1-1-00,,device_not_recording
1745326620000,2025-04-22T12:57:00Z,1974-1-1-00,,device_not_recording
1745326680000,2025-04-22T12:58:00Z,1974-1-1-00,,device_not_recording
1745326740000,2025-04-22T12:59:00Z,1974-1-1-00,,device_not_recording
1745326800000,2025-04-22T13:00:00Z,1974-1-1-00,,device_not_recording
1745326860000,2025-04-22T13:01:00Z,1974-1-1-00,,device_not_recording
1745326920000,2025-04-22T13:02:00Z,1974-1-1-00,,device_not_recording
1745326980000,2025-04-22T13:03:00Z,1974-1-1-00,,device_not_recording
1745327040000,2025-04-22T13:04:00Z,1974-1-1-00,,device_not_recording
1745327100000,2025-04-22T13:05:00Z,1974-1-1-00,,device_not_recording
1745327160000,2025-04-22T13:06:00Z,1974-1-1-00,,device_not_recording
1745327220000,2025-04-22T13:07:00Z,1974-1-1-00,,device_not_recording
1745327280000,2025-04-22T13:08:00Z,1974-1-1-00,,device_not_recording
1745327340000,2025-04-22T13:09:00Z,1974-1-1-00,,device_not_recording
1745327400000,2025-04-22T13:10:00Z,1974-1-1-00,,device_not_recording
1745327460000,2025-04-22T13:11:00Z,1974-1-1-00,,device_not_recording
1745327520000,2025-04-22T13:12:00Z,1974-1-1-00,,device_not_recording
1745327580000,2025-04-22T13:13:00Z,1974-1-1-00,,device_not_recording
1745327640000,2025-04-22T13:14:00Z,1974-1-1-00,,device_not_recording
1745327700000,2025-04-22T13:15:00Z,1974-1-1-00,,device_not_recording
1745327760000,2025-04-22T13:16:00Z,1974-1-1-00,,device_not_recording
1745327820000,2025-04-22T13:17:00Z,1974-1-1-00,,device_not_recording
1745327880000,2025-04-22T13:18:00Z,1974-1-1-00,,device_not_recording
1745327940000,2025-04-22T13:19:00Z,1974-1-1-00,,device_not_recording
1745328000000,2025-04-22T13:20:00Z,1974-1-1-00,,device_not_recording
1745328060000,2025-04-22T13:21:00Z,1974-1-1-00,,device_not_recording
1745328120000,2025-04-22T13:22:00Z,1974-1-1-00,,device_not_recording
1745328180000,2025-04-22T13:23:00Z,1974-1-1-00,,device_not_recording
1745328240000,2025-04-22T13:24:00Z,1974-1-1-00,,device_not_recording
1745328300000,2025-04-22T13:25:00Z,1974-1-1-00,,device_not_recording
1745328360000,2025-04-22T13:26:00Z,1974-1-1-00,,device_not_recording
1745328420000,2025-04-22T13:27:00Z,1974-1-1-00,,device_not_recording
1745328480000,2025-04-22T13:28:00Z,1974-1-1-00,,device_not_recording
1745328540000,2025-04-22T13:29:00Z,1974-1-1-00,,device_not_recording
1745328600000,2025-04-22T13:30:00Z,1974-1-1-00,,device_not_recording
1745328660000,2025-04-22T13:31:00Z,1974-1-1-00,,device_not_recording
1745328720000,2025-04-22T13:32:00Z,1974-1-1-00,,device_not_recording
1745328780000,2025-04-22T13:33:00Z,1974-1-1-00,,device_not_recording
1745328840000,2025-04-22T13:34:00Z,1974-1-1-00,,device_not_recording
1745328900000,2025-04-22T13:35:00Z,1974-1-1-00,,device_not_recording
1745328960000,2025-04-22T13:36:00Z,1974-1-1-00,,device_not_recording
1745329020000,2025-04-22T13:37:00Z,1974-1-1-00,,device_not_recording
1745329080000,2025-04-22T13:38:00Z,1974-1-1-00,,device_not_recording
1745329140000,2025-04-22T13:39:00Z,1974-1-1-00,,device_not_recording
1745329200000,2025-04-22T13:40:00Z,1974-1-1-00,,device_not_recording
1745329260000,2025-04-22T13:41:00Z,1974-1-1-00,,device_not_recording
1745329320000,2025-04-22T13:42:00Z,1974-1-1-00,,device_not_recording
1745329380000,2025-04-22T13:43:00Z,1974-1-1-00,,device_not_recording
1745329440000,2025-04-22T13:44:00Z,1974-1-1-00,,device_not_recording
1745329500000,2025-04-22T13:45:00Z,1974-1-1-00,,device_not_recording
1745329560000,2025-04-22T13:46:00Z,1974-1-1-00,,device_not_recording
1745329620000,2025-04-22T13:47:00Z,1974-1-1-00,,device_not_recording
1745329680000,2025-04-22T13:48:00Z,1974-1-1-00,,device_not_recording
1745329740000,2025-04-22T13:49:00Z,1974-1-1-00,,device_not_recording
1745329800000,2025-04-22T13:50:00Z,1974-1-1-00,,device_not_recording
1745329860000,2025-04-22T13:51:00Z,1974-1-1-00,,device_not_recording
1745329920000,2025-04-22T13:52:00Z,1974-1-1-00,,device_not_recording
1745329980000,2025-04-22T13:53:00Z,1974-1-1-00,,device_not_recording
1745330040000,2025-04-22T13:54:00Z,1974-1-1-00,,device_not_recording
1745330100000,2025-04-22T13:55:00Z,1974-1-1-00,,device_not_recording
1745330160000,2025-04-22T13:56:00Z,1974-1-1-00,,device_not_recording
1745330220000,2025-04-22T13:57:00Z,1974-1-1-00,,device_not_recording
1745330280000,2025-04-22T13:58:00Z,1974-1-1-00,,device_not_recording
1745330340000,2025-04-22T13:59:00Z,1974-1-1-00,,device_not_recording
1745330400000,2025-04-22T14:00:00Z,1974-1-1-00,,device_not_recording
1745330460000,2025-04-22T14:01:00Z,1974-1-1-00,,device_not_recording
1745330520000,2025-04-22T14:02:00Z,1974-1-1-00,,device_not_recording
1745330580000,2025-04-22T14:03:00Z,1974-1-1-00,,device_not_recording
1745330640000,2025-04-22T14:04:00Z,1974-1-1-00,,device_not_recording
1745330700000,2025-04-22T14:05:00Z,1974-1-1-00,,device_not_recording
1745330760000,2025-04-22T14:06:00Z,1974-1-1-00,,device_not_recording
1745330820000,2025-04-22T14:07:00Z,1974-1-1-00,,device_not_recording
1745330880000,2025-04-22T14:08:00Z,1974-1-1-00,,device_not_recording
1745330940000,2025-04-22T14:09:00Z,1974-1-1-00,,device_not_recording
1745331000000,2025-04-22T14:10:00Z,1974-1-1-00,,device_not_recording
1745331060000,2025-04-22T14:11:00Z,1974-1-1-00,,device_not_recording
1745331120000,2025-04-22T14:12:00Z,1974-1-1-00,,device_not_recording
1745331180000,2025-04-22T14:13:00Z,1974-1-1-00,,device_not_recording
1745331240000,2025-04-22T14:14:00Z,1974-1-1-00,,device_not_recording
1745331300000,2025-04-22T14:15:00Z,1974-1-1-00,,device_not_recording
1745331360000,2025-04-22T14:16:00Z,1974-1-1-00,,device_not_recording
1745331420000,2025-04-22T14:17:00Z,1974-1-1-00,,device_not_recording
1745331480000,2025-04-22T14:18:00Z,1974-1-1-00,,device_not_recording
1745331540000,2025-04-22T14:19:00Z,1974-1-1-00,,device_not_recording
1745331600000,2025-04-22T14:20:00Z,1974-1-1-00,,device_not_recording
1745331660000,2025-04-22T14:21:00Z,1974-1-1-00,,device_not_recording
1745331720000,2025-04-22T14:22:00Z,1974-1-1-00,,device_not_recording
1745331780000,2025-04-22T14:23:00Z,1974-1-1-00,,device_not_recording
1745331840000,2025-04-22T14:24:00Z,1974-1-1-00,,device_not_recording
1745331900000,2025-04-22T14:25:00Z,1974-1-1-00,,device_not_recording
1745331960000,2025-04-22T14:26:00Z,1974-1-1-00,,device_not_recording
1745332020000,2025-04-22T14:27:00Z,1974-1-1-00,,device_not_recording
1745332080000,2025-04-22T14:28:00Z,1974-1-1-00,,device_not_recording
1745332140000,2025-04-22T14:29:00Z,1974-1-1-00,,device_not_recording
1745332200000,2025-04-22T14:30:00Z,1974-1-1-00,,device_not_recording
1745332260000,2025-04-22T14:31:00Z,1974-1-1-00,,device_not_recording
1745332320000,2025-04-22T14:32:00Z,1974-1-1-00,,device_not_recording
1745332380000,2025-04-22T14:33:00Z,1974-1-1-00,,device_not_recording
1745332440000,2025-04-22T14:34:00Z,1974-1-1-00,,device_not_recording
1745332500000,2025-04-22T14:35:00Z,1974-1-1-00,,device_not_recording
1745332560000,2025-04-22T14:36:00Z,1974-1-1-00,,device_not_recording
1745332620000,2025-04-22T14:37:00Z,1974-1-1-00,,device_not_recording
1745332680000,2025-04-22T14:38:00Z,1974-1-1-00,,device_not_recording
1745332740000,2025-04-22T14:39:00Z,1974-1-1-00,,device_not_recording
1745332800000,2025-04-22T14:40:00Z,1974-1-1-00,,device_not_recording
1745332860000,2025-04-22T14:41:00Z,1974-1-1-00,,device_not_recording
1745332920000,2025-04-22T14:42:00Z,1974-1-1-00,,device_not_recording
1745332980000,2025-04-22T14:43:00Z,1974-1-1-00,,device_not_recording
1745333040000,2025-04-22T14:44:00Z,1974-1-1-00,,device_not_recording
1745333100000,2025-04-22T14:45:00Z,1974-1-1-00,,device_not_recording
1745333160000,2025-04-22T14:46:00Z,1974-1-1-00,,device_not_recording
1745333220000,2025-04-22T14:47:00Z,1974-1-1-00,,device_not_recording
1745333280000,2025-04-22T14:48:00Z,1974-1-1-00,,device_not_recording
1745333340000,2025-04-22T14:49:00Z,1974-1-1-00,,device_not_recording
1745333400000,2025-04-22T14:50:00Z,1974-1-1-00,,device_not_recording
1745333460000,2025-04-22T14:51:00Z,1974-1-1-00,,device_not_recording
1745333520000,2025-04-22T14:52:00Z,1974-1-1-00,,device_not_recording
1745333580000,2025-04-22T14:53:00Z,1974-1-1-00,,device_not_recording
1745333640000,2025-04-22T14:54:00Z,1974-1-1-00,,device_not_recording
1745333700000,2025-04-22T14:55:00Z,1974-1-1-00,,device_not_recording
1745333760000,2025-04-22T14:56:00Z,1974-1-1-00,,device_not_recording
1745333820000,2025-04-22T14:57:00Z,1974-1-1-00,,device_not_recording
1745333880000,2025-04-22T14:58:00Z,1974-1-1-00,,device_not_recording
1745333940000,2025-04-22T14:59:00Z,1974-1-1-00,,device_not_recording
1745334000000,2025-04-22T15:00:00Z,1974-1-1-00,,device_not_recording
1745334060000,2025-04-22T15:01:00Z,1974-1-1-00,,device_not_recording
1745334120000,2025-04-22T15:02:00Z,1974-1-1-00,,device_not_recording
1745334180000,2025-04-22T15:03:00Z,1974-1-1-00,,device_not_recording
1745334240000,2025-04-22T15:04:00Z,1974-1-1-00,,device_not_recording
1745334300000,2025-04-22T15:05:00Z,1974-1-1-00,,device_not_recording
1745334360000,2025-04-22T15:06:00Z,1974-1-1-00,,device_not_recording
1745334420000,2025-04-22T15:07:00Z,1974-1-1-00,,device_not_recording
1745334480000,2025-04-22T15:08:00Z,1974-1-1-00,,device_not_recording
1745334540000,2025-04-22T15:09:00Z,1974-1-1-00,,device_not_recording
1745334600000,2025-04-22T15:10:00Z,1974-1-1-00,,device_not_recording
1745334660000,2025-04-22T15:11:00Z,1974-1-1-00,,device_not_recording
1745334720000,2025-04-22T15:12:00Z,1974-1-1-00,,device_not_recording
1745334780000,2025-04-22T15:13:00Z,1974-1-1-00,,device_not_recording
1745334840000,2025-04-22T15:14:00Z,1974-1-1-00,,device_not_recording
1745334900000,2025-04-22T15:15:00Z,1974-1-1-00,,device_not_recording
1745334960000,2025-04-22T15:16:00Z,1974-1-1-00,,device_not_recording
1745335020000,2025-04-22T15:17:00Z,1974-1-1-00,,device_not_recording
1745335080000,2025-04-22T15:18:00Z,1974-1-1-00,,device_not_recording
1745335140000,2025-04-22T15:19:00Z,1974-1-1-00,,device_not_recording
1745335200000,2025-04-22T15:20:00Z,1974-1-1-00,,device_not_recording
1745335260000,2025-04-22T15:21:00Z,1974-1-1-00,,device_not_recording
1745335320000,2025-04-22T15:22:00Z,1974-1-1-00,,device_not_recording
1745335380000,2025-04-22T15:23:00Z,1974-1-1-00,,device_not_recording
1745335440000,2025-04-22T15:24:00Z,1974-1-1-00,,device_not_recording
1745335500000,2025-04-22T15:25:00Z,1974-1-1-00,,device_not_recording
1745335560000,2025-04-22T15:26:00Z,1974-1-1-00,,device_not_recording
1745335620000,2025-04-22T15:27:00Z,1974-1-1-00,,device_not_recording
1745335680000,2025-04-22T15:28:00Z,1974-1-1-00,,device_not_recording
1745335740000,2025-04-22T15:29:00Z,1974-1-1-00,,device_not_recording
1745335800000,2025-04-22T15:30:00Z,1974-1-1-00,,device_not_recording
1745335860000,2025-04-22T15:31:00Z,1974-1-1-00,,device_not_recording
1745335920000,2025-04-22T15:32:00Z,1974-1-1-00,,device_not_recording
1745335980000,2025-04-22T15:33:00Z,1974-1-1-00,,device_not_recording
1745336040000,2025-04-22T15:34:00Z,1974-1-1-00,,device_not_recording
1745336100000,2025-04-22T15:35:00Z,1974-1-1-00,,device_not_recording
1745336160000,2025-04-22T15:36:00Z,1974-1-1-00,,device_not_recording
1745336220000,2025-04-22T15:37:00Z,1974-1-1-00,,device_not_recording
1745336280000,2025-04-22T15:38:00Z,1974-1-1-00,,device_not_recording
1745336340000,2025-04-22T15:39:00Z,1974-1-1-00,,device_not_recording
1745336400000,2025-04-22T15:40:00Z,1974-1-1-00,,device_not_recording
1745336460000,2025-04-22T15:41:00Z,1974-1-1-00,,device_not_recording
1745336520000,2025-04-22T15:42:00Z,1974-1-1-00,,device_not_recording
1745336580000,2025-04-22T15:43:00Z,1974-1-1-00,,device_not_recording
1745336640000,2025-04-22T15:44:00Z,1974-1-1-00,,device_not_recording
1745336700000,2025-04-22T15:45:00Z,1974-1-1-00,,device_not_recording
1745336760000,2025-04-22T15:46:00Z,1974-1-1-00,,device_not_recording
1745336820000,2025-04-22T15:47:00Z,1974-1-1-00,,device_not_recording
1745336880000,2025-04-22T15:48:00Z,1974-1-1-00,,device_not_recording
1745336940000,2025-04-22T15:49:00Z,1974-1-1-00,,device_not_recording
1745337000000,2025-04-22T15:50:00Z,1974-1-1-00,,device_not_recording
1745337060000,2025-04-22T15:51:00Z,1974-1-1-00,,device_not_recording
1745337120000,2025-04-22T15:52:00Z,1974-1-1-00,,device_not_recording
1745337180000,2025-04-22T15:53:00Z,1974-1-1-00,,device_not_recording
1745337240000,2025-04-22T15:54:00Z,1974-1-1-00,,device_not_recording
1745337300000,2025-04-22T15:55:00Z,1974-1-1-00,,device_not_recording
1745337360000,2025-04-22T15:56:00Z,1974-1-1-00,,device_not_recording
1745337420000,2025-04-22T15:57:00Z,1974-1-1-00,,device_not_recording
1745337480000,2025-04-22T15:58:00Z,1974-1-1-00,,device_not_recording
1745337540000,2025-04-22T15:59:00Z,1974-1-1-00,,device_not_recording
1745337600000,2025-04-22T16:00:00Z,1974-1-1-00,,device_not_recording
1745337660000,2025-04-22T16:01:00Z,1974-1-1-00,,device_not_recording
1745337720000,2025-04-22T16:02:00Z,1974-1-1-00,,device_not_recording
1745337780000,2025-04-22T16:03:00Z,1974-1-1-00,,device_not_recording
1745337840000,2025-04-22T16:04:00Z,1974-1-1-00,,device_not_recording
1745337900000,2025-04-22T16:05:00Z,1974-1-1-00,,device_not_recording
1745337960000,2025-04-22T16:06:00Z,1974-1-1-00,,device_not_recording
1745338020000,2025-04-22T16:07:00Z,1974-1-1-00,,device_not_recording
1745338080000,2025-04-22T16:08:00Z,1974-1-1-00,,device_not_recording
1745338140000,2025-04-22T16:09:00Z,1974-1-1-00,,device_not_recording
1745338200000,2025-04-22T16:10:00Z,1974-1-1-00,,device_not_recording
1745338260000,2025-04-22T16:11:00Z,1974-1-1-00,,device_not_recording
1745338320000,2025-04-22T16:12:00Z,1974-1-1-00,,device_not_recording
1745338380000,2025-04-22T16:13:00Z,1974-1-1-00,,device_not_recording
1745338440000,2025-04-22T16:14:00Z,1974-1-1-00,,device_not_recording
1745338500000,2025-04-22T16:15:00Z,1974-1-1-00,,device_not_recording
1745338560000,2025-04-22T16:16:00Z,1974-1-1-00,,device_not_recording
1745338620000,2025-04-22T16:17:00Z,1974-1-1-00,,device_not_recording
1745338680000,2025-04-22T16:18:00Z,1974-1-1-00,,device_not_recording
1745338740000,2025-04-22T16:19:00Z,1974-1-1-00,,device_not_recording
1745338800000,2025-04-22T16:20:00Z,1974-1-1-00,,device_not_recording
1745338860000,2025-04-22T16:21:00Z,1974-1-1-00,,device_not_recording
1745338920000,2025-04-22T16:22:00Z,1974-1-1-00,,device_not_recording
1745338980000,2025-04-22T16:23:00Z,1974-1-1-00,,device_not_recording
1745339040000,2025-04-22T16:24:00Z,1974-1-1-00,,device_not_recording
1745339100000,2025-04-22T16:25:00Z,1974-1-1-00,,device_not_recording
1745339160000,2025-04-22T16:26:00Z,1974-1-1-00,,device_not_recording
1745339220000,2025-04-22T16:27:00Z,1974-1-1-00,,device_not_recording
1745339280000,2025-04-22T16:28:00Z,1974-1-1-00,,device_not_recording
1745339340000,2025-04-22T16:29:00Z,1974-1-1-00,,device_not_recording
1745339400000,2025-04-22T16:30:00Z,1974-1-1-00,,device_not_recording
1745339460000,2025-04-22T16:31:00Z,1974-1-1-00,,device_not_recording
1745339520000,2025-04-22T16:32:00Z,1974-1-1-00,,device_not_recording
1745339580000,2025-04-22T16:33:00Z,1974-1-1-00,,device_not_recording
1745339640000,2025-04-22T16:34:00Z,1974-1-1-00,,device_not_recording
1745339700000,2025-04-22T16:35:00Z,1974-1-1-00,,device_not_recording
1745339760000,2025-04-22T16:36:00Z,1974-1-1-00,,device_not_recording
1745339820000,2025-04-22T16:37:00Z,1974-1-1-00,,device_not_recording
1745339880000,2025-04-22T16:38:00Z,1974-1-1-00,,device_not_recording
1745339940000,2025-04-22T16:39:00Z,1974-1-1-00,,device_not_recording
1745340000000,2025-04-22T16:40:00Z,1974-1-1-00,,device_not_recording
1745340060000,2025-04-22T16:41:00Z,1974-1-1-00,,device_not_recording
1745340120000,2025-04-22T16:42:00Z,1974-1-1-00,,device_not_recording
1745340180000,2025-04-22T16:43:00Z,1974-1-1-00,,device_not_recording
1745340240000,2025-04-22T16:44:00Z,1974-1-1-00,,device_not_recording
1745340300000,2025-04-22T16:45:00Z,1974-1-1-00,,device_not_recording
1745340360000,2025-04-22T16:46:00Z,1974-1-1-00,,device_not_recording
1745340420000,2025-04-22T16:47:00Z,1974-1-1-00,,device_not_recording
1745340480000,2025-04-22T16:48:00Z,1974-1-1-00,,device_not_recording
1745340540000,2025-04-22T16:49:00Z,1974-1-1-00,,device_not_recording
1745340600000,2025-04-22T16:50:00Z,1974-1-1-00,,device_not_recording
1745340660000,2025-04-22T16:51:00Z,1974-1-1-00,,device_not_recording
1745340720000,2025-04-22T16:52:00Z,1974-1-1-00,,device_not_recording
1745340780000,2025-04-22T16:53:00Z,1974-1-1-00,,device_not_recording
1745340840000,2025-04-22T16:54:00Z,1974-1-1-00,,device_not_recording
1745340900000,2025-04-22T16:55:00Z,1974-1-1-00,,device_not_recording
1745340960000,2025-04-22T16:56:00Z,1974-1-1-00,,device_not_recording
1745341020000,2025-04-22T16:57:00Z,1974-1-1-00,,device_not_recording
1745341080000,2025-04-22T16:58:00Z,1974-1-1-00,,device_not_recording
1745341140000,2025-04-22T16:59:00Z,1974-1-1-00,,device_not_recording
1745341200000,2025-04-22T17:00:00Z,1974-1-1-00,,device_not_recording
1745341260000,2025-04-22T17:01:00Z,1974-1-1-00,,device_not_recording
1745341320000,2025-04-22T17:02:00Z,1974-1-1-00,,device_not_recording
1745341380000,2025-04-22T17:03:00Z,1974-1-1-00,,device_not_recording
1745341440000,2025-04-22T17:04:00Z,1974-1-1-00,,device_not_recording
1745341500000,2025-04-22T17:05:00Z,1974-1-1-00,,device_not_recording
1745341560000,2025-04-22T17:06:00Z,1974-1-1-00,,device_not_recording
1745341620000,2025-04-22T17:07:00Z,1974-1-1-00,,device_not_recording
1745341680000,2025-04-22T17:08:00Z,1974-1-1-00,,device_not_recording
1745341740000,2025-04-22T17:09:00Z,1974-1-1-00,,device_not_recording
1745341800000,2025-04-22T17:10:00Z,1974-1-1-00,,device_not_recording
1745341860000,2025-04-22T17:11:00Z,1974-1-1-00,,device_not_recording
1745341920000,2025-04-22T17:12:00Z,1974-1-1-00,,device_not_recording
1745341980000,2025-04-22T17:13:00Z,1974-1-1-00,,device_not_recording
1745342040000,2025-04-22T17:14:00Z,1974-1-1-00,,device_not_recording
1745342100000,2025-04-22T17:15:00Z,1974-1-1-00,,device_not_recording
1745342160000,2025-04-22T17:16:00Z,1974-1-1-00,,device_not_recording
1745342220000,2025-04-22T17:17:00Z,1974-1-1-00,,device_not_recording
1745342280000,2025-04-22T17:18:00Z,1974-1-1-00,,device_not_recording
1745342340000,2025-04-22T17:19:00Z,1974-1-1-00,,device_not_recording
1745342400000,2025-04-22T17:20:00Z,1974-1-1-00,,device_not_recording
1745342460000,2025-04-22T17:21:00Z,1974-1-1-00,,device_not_recording
1745342520000,2025-04-22T17:22:00Z,1974-1-1-00,,device_not_recording
1745342580000,2025-04-22T17:23:00Z,1974-1-1-00,,device_not_recording
1745342640000,2025-04-22T17:24:00Z,1974-1-1-00,,device_not_recording
1745342700000,2025-04-22T17:25:00Z,1974-1-1-00,,device_not_recording
1745342760000,2025-04-22T17:26:00Z,1974-1-1-00,,device_not_recording
1745342820000,2025-04-22T17:27:00Z,1974-1-1-00,,device_not_recording
1745342880000,2025-04-22T17:28:00Z,1974-1-1-00,,device_not_recording
1745342940000,2025-04-22T17:29:00Z,1974-1-1-00,,device_not_recording
1745343000000,2025-04-22T17:30:00Z,1974-1-1-00,,device_not_recording
1745343060000,2025-04-22T17:31:00Z,1974-1-1-00,,device_not_recording
1745343120000,2025-04-22T17:32:00Z,1974-1-1-00,,device_not_recording
1745343180000,2025-04-22T17:33:00Z,1974-1-1-00,,device_not_recording
1745343240000,2025-04-22T17:34:00Z,1974-1-1-00,,device_not_recording
1745343300000,2025-04-22T17:35:00Z,1974-1-1-00,,device_not_recording
1745343360000,2025-04-22T17:36:00Z,1974-1-1-00,,device_not_recording
1745343420000,2025-04-22T17:37:00Z,1974-1-1-00,,device_not_recording
1745343480000,2025-04-22T17:38:00Z,1974-1-1-00,,device_not_recording
1745343540000,2025-04-22T17:39:00Z,1974-1-1-00,,device_not_recording
1745343600000,2025-04-22T17:40:00Z,1974-1-1-00,,device_not_recording
1745343660000,2025-04-22T17:41:00Z,1974-1-1-00,,device_not_recording
1745343720000,2025-04-22T17:42:00Z,1974-1-1-00,,device_not_recording
1745343780000,2025-04-22T17:43:00Z,1974-1-1-00,,device_not_recording
1745343840000,2025-04-22T17:44:00Z,1974-1-1-00,,device_not_recording
1745343900000,2025-04-22T17:45:00Z,1974-1-1-00,,device_not_recording
1745343960000,2025-04-22T17:46:00Z,1974-1-1-00,,device_not_recording
1745344020000,2025-04-22T17:47:00Z,1974-1-1-00,,device_not_recording
1745344080000,2025-04-22T17:48:00Z,1974-1-1-00,,device_not_recording
1745344140000,2025-04-22T17:49:00Z,1974-1-1-00,,device_not_recording
1745344200000,2025-04-22T17:50:00Z,1974-1-1-00,,device_not_recording
1745344260000,2025-04-22T17:51:00Z,1974-1-1-00,,device_not_recording
1745344320000,2025-04-22T17:52:00Z,1974-1-1-00,,device_not_recording
1745344380000,2025-04-22T17:53:00Z,1974-1-1-00,,device_not_recording
1745344440000,2025-04-22T17:54:00Z,1974-1-1-00,,device_not_recording
1745344500000,2025-04-22T17:55:00Z,1974-1-1-00,,device_not_recording
1745344560000,2025-04-22T17:56:00Z,1974-1-1-00,,device_not_recording
1745344620000,2025-04-22T17:57:00Z,1974-1-1-00,,device_not_recording
1745344680000,2025-04-22T17:58:00Z,1974-1-1-00,,device_not_recording
1745344740000,2025-04-22T17:59:00Z,1974-1-1-00,,device_not_recording
1745344800000,2025-04-22T18:00:00Z,1974-1-1-00,,device_not_recording
1745344860000,2025-04-22T18:01:00Z,1974-1-1-00,,device_not_recording
1745344920000,2025-04-22T18:02:00Z,1974-1-1-00,,device_not_recording
1745344980000,2025-04-22T18:03:00Z,1974-1-1-00,,device_not_recording
1745345040000,2025-04-22T18:04:00Z,1974-1-1-00,,device_not_recording
1745345100000,2025-04-22T18:05:00Z,1974-1-1-00,,device_not_recording
1745345160000,2025-04-22T18:06:00Z,1974-1-1-00,,device_not_recording
1745345220000,2025-04-22T18:07:00Z,1974-1-1-00,,device_not_recording
1745345280000,2025-04-22T18:08:00Z,1974-1-1-00,,device_not_recording
1745345340000,2025-04-22T18:09:00Z,1974-1-1-00,,device_not_recording
1745345400000,2025-04-22T18:10:00Z,1974-1-1-00,,device_not_recording
1745345460000,2025-04-22T18:11:00Z,1974-1-1-00,,device_not_recording
1745345520000,2025-04-22T18:12:00Z,1974-1-1-00,,device_not_recording
1745345580000,2025-04-22T18:13:00Z,1974-1-1-00,,device_not_recording
1745345640000,2025-04-22T18:14:00Z,1974-1-1-00,,device_not_recording
1745345700000,2025-04-22T18:15:00Z,1974-1-1-00,,device_not_recording
1745345760000,2025-04-22T18:16:00Z,1974-1-1-00,,device_not_recording
1745345820000,2025-04-22T18:17:00Z,1974-1-1-00,,device_not_recording
1745345880000,2025-04-22T18:18:00Z,1974-1-1-00,,device_not_recording
1745345940000,2025-04-22T18:19:00Z,1974-1-1-00,,device_not_recording
1745346000000,2025-04-22T18:20:00Z,1974-1-1-00,,device_not_recording
1745346060000,2025-04-22T18:21:00Z,1974-1-1-00,,device_not_recording
1745346120000,2025-04-22T18:22:00Z,1974-1-1-00,,device_not_recording
1745346180000,2025-04-22T18:23:00Z,1974-1-1-00,,device_not_recording
1745346240000,2025-04-22T18:24:00Z,1974-1-1-00,,device_not_recording
1745346300000,2025-04-22T18:25:00Z,1974-1-1-00,,device_not_recording
1745346360000,2025-04-22T18:26:00Z,1974-1-1-00,,device_not_recording
1745346420000,2025-04-22T18:27:00Z,1974-1-1-00,,device_not_recording
1745346480000,2025-04-22T18:28:00Z,1974-1-1-00,,device_not_recording
1745346540000,2025-04-22T18:29:00Z,1974-1-1-00,,device_not_recording
1745346600000,2025-04-22T18:30:00Z,1974-1-1-00,,device_not_recording
1745346660000,2025-04-22T18:31:00Z,1974-1-1-00,,device_not_recording
1745346720000,2025-04-22T18:32:00Z,1974-1-1-00,,device_not_recording
1745346780000,2025-04-22T18:33:00Z,1974-1-1-00,,device_not_recording
1745346840000,2025-04-22T18:34:00Z,1974-1-1-00,,device_not_recording
1745346900000,2025-04-22T18:35:00Z,1974-1-1-00,,device_not_recording
1745346960000,2025-04-22T18:36:00Z,1974-1-1-00,,device_not_recording
1745347020000,2025-04-22T18:37:00Z,1974-1-1-00,,device_not_recording
1745347080000,2025-04-22T18:38:00Z,1974-1-1-00,,device_not_recording
1745347140000,2025-04-22T18:39:00Z,1974-1-1-00,,device_not_recording
1745347200000,2025-04-22T18:40:00Z,1974-1-1-00,,device_not_recording
1745347260000,2025-04-22T18:41:00Z,1974-1-1-00,,device_not_recording
1745347320000,2025-04-22T18:42:00Z,1974-1-1-00,,device_not_recording
1745347380000,2025-04-22T18:43:00Z,1974-1-1-00,,device_not_recording
1745347440000,2025-04-22T18:44:00Z,1974-1-1-00,,device_not_recording
1745347500000,2025-04-22T18:45:00Z,1974-1-1-00,,device_not_recording
1745347560000,2025-04-22T18:46:00Z,1974-1-1-00,,device_not_recording
1745347620000,2025-04-22T18:47:00Z,1974-1-1-00,,device_not_recording
1745347680000,2025-04-22T18:48:00Z,1974-1-1-00,,device_not_recording
1745347740000,2025-04-22T18:49:00Z,1974-1-1-00,,device_not_recording
1745347800000,2025-04-22T18:50:00Z,1974-1-1-00,,device_not_recording
1745347860000,2025-04-22T18:51:00Z,1974-1-1-00,,device_not_recording
1745347920000,2025-04-22T18:52:00Z,1974-1-1-00,,device_not_recording
1745347980000,2025-04-22T18:53:00Z,1974-1-1-00,,device_not_recording
1745348040000,2025-04-22T18:54:00Z,1974-1-1-00,,device_not_recording
1745348100000,2025-04-22T18:55:00Z,1974-1-1-00,,device_not_recording
1745348160000,2025-04-22T18:56:00Z,1974-1-1-00,,device_not_recording
1745348220000,2025-04-22T18:57:00Z,1974-1-1-00,,device_not_recording
1745348280000,2025-04-22T18:58:00Z,1974-1-1-00,,device_not_recording
1745348340000,2025-04-22T18:59:00Z,1974-1-1-00,,device_not_recording
1745348400000,2025-04-22T19:00:00Z,1974-1-1-00,,device_not_recording
1745348460000,2025-04-22T19:01:00Z,1974-1-1-00,,device_not_recording
1745348520000,2025-04-22T19:02:00Z,1974-1-1-00,,device_not_recording
1745348580000,2025-04-22T19:03:00Z,1974-1-1-00,,device_not_recording
1745348640000,2025-04-22T19:04:00Z,1974-1-1-00,,device_not_recording
1745348700000,2025-04-22T19:05:00Z,1974-1-1-00,,device_not_recording
1745348760000,2025-04-22T19:06:00Z,1974-1-1-00,,device_not_recording
1745348820000,2025-04-22T19:07:00Z,1974-1-1-00,,device_not_recording
1745348880000,2025-04-22T19:08:00Z,1974-1-1-00,,device_not_recording
1745348940000,2025-04-22T19:09:00Z,1974-1-1-00,,device_not_recording
1745349000000,2025-04-22T19:10:00Z,1974-1-1-00,,device_not_recording
1745349060000,2025-04-22T19:11:00Z,1974-1-1-00,,device_not_recording
1745349120000,2025-04-22T19:12:00Z,1974-1-1-00,,device_not_recording
1745349180000,2025-04-22T19:13:00Z,1974-1-1-00,,device_not_recording
1745349240000,2025-04-22T19:14:00Z,1974-1-1-00,,device_not_recording
1745349300000,2025-04-22T19:15:00Z,1974-1-1-00,,device_not_recording
1745349360000,2025-04-22T19:16:00Z,1974-1-1-00,,device_not_recording
1745349420000,2025-04-22T19:17:00Z,1974-1-1-00,,device_not_recording
1745349480000,2025-04-22T19:18:00Z,1974-1-1-00,,device_not_recording
1745349540000,2025-04-22T19:19:00Z,1974-1-1-00,,device_not_recording
1745349600000,2025-04-22T19:20:00Z,1974-1-1-00,,device_not_recording
1745349660000,2025-04-22T19:21:00Z,1974-1-1-00,,device_not_recording
1745349720000,2025-04-22T19:22:00Z,1974-1-1-00,,device_not_recording
1745349780000,2025-04-22T19:23:00Z,1974-1-1-00,,device_not_recording
1745349840000,2025-04-22T19:24:00Z,1974-1-1-00,,device_not_recording
1745349900000,2025-04-22T19:25:00Z,1974-1-1-00,,device_not_recording
1745349960000,2025-04-22T19:26:00Z,1974-1-1-00,,device_not_recording
1745350020000,2025-04-22T19:27:00Z,1974-1-1-00,,device_not_recording
1745350080000,2025-04-22T19:28:00Z,1974-1-1-00,,device_not_recording
1745350140000,2025-04-22T19:29:00Z,1974-1-1-00,,device_not_recording
1745350200000,2025-04-22T19:30:00Z,1974-1-1-00,,device_not_recording
1745350260000,2025-04-22T19:31:00Z,1974-1-1-00,,device_not_recording
1745350320000,2025-04-22T19:32:00Z,1974-1-1-00,,device_not_recording
1745350380000,2025-04-22T19:33:00Z,1974-1-1-00,,device_not_recording
1745350440000,2025-04-22T19:34:00Z,1974-1-1-00,,device_not_recording
1745350500000,2025-04-22T19:35:00Z,1974-1-1-00,,device_not_recording
1745350560000,2025-04-22T19:36:00Z,1974-1-1-00,,device_not_recording
1745350620000,2025-04-22T19:37:00Z,1974-1-1-00,,device_not_recording
1745350680000,2025-04-22T19:38:00Z,1974-1-1-00,,device_not_recording
1745350740000,2025-04-22T19:39:00Z,1974-1-1-00,,device_not_recording
1745350800000,2025-04-22T19:40:00Z,1974-1-1-00,,device_not_recording
1745350860000,2025-04-22T19:41:00Z,1974-1-1-00,,device_not_recording
1745350920000,2025-04-22T19:42:00Z,1974-1-1-00,,device_not_recording
1745350980000,2025-04-22T19:43:00Z,1974-1-1-00,,device_not_recording
1745351040000,2025-04-22T19:44:00Z,1974-1-1-00,,device_not_recording
1745351100000,2025-04-22T19:45:00Z,1974-1-1-00,,device_not_recording
1745351160000,2025-04-22T19:46:00Z,1974-1-1-00,,device_not_recording
1745351220000,2025-04-22T19:47:00Z,1974-1-1-00,,device_not_recording
1745351280000,2025-04-22T19:48:00Z,1974-1-1-00,,device_not_recording
1745351340000,2025-04-22T19:49:00Z,1974-1-1-00,,device_not_recording
1745351400000,2025-04-22T19:50:00Z,1974-1-1-00,,device_not_recording
1745351460000,2025-04-22T19:51:00Z,1974-1-1-00,,device_not_recording
1745351520000,2025-04-22T19:52:00Z,1974-1-1-00,,device_not_recording
1745351580000,2025-04-22T19:53:00Z,1974-1-1-00,,device_not_recording
1745351640000,2025-04-22T19:54:00Z,1974-1-1-00,,device_not_recording
1745351700000,2025-04-22T19:55:00Z,1974-1-1-00,,device_not_recording
1745351760000,2025-04-22T19:56:00Z,1974-1-1-00,,device_not_recording
1745351820000,2025-04-22T19:57:00Z,1974-1-1-00,,device_not_recording
1745351880000,2025-04-22T19:58:00Z,1974-1-1-00,,device_not_recording
1745351940000,2025-04-22T19:59:00Z,1974-1-1-00,,device_not_recording
1745352000000,2025-04-22T20:00:00Z,1974-1-1-00,,device_not_recording
1745352060000,2025-04-22T20:01:00Z,1974-1-1-00,,device_not_recording
1745352120000,2025-04-22T20:02:00Z,1974-1-1-00,,device_not_recording
1745352180000,2025-04-22T20:03:00Z,1974-1-1-00,,device_not_recording
1745352240000,2025-04-22T20:04:00Z,1974-1-1-00,,device_not_recording
1745352300000,2025-04-22T20:05:00Z,1974-1-1-00,,device_not_recording
1745352360000,2025-04-22T20:06:00Z,1974-1-1-00,,device_not_recording
1745352420000,2025-04-22T20:07:00Z,1974-1-1-00,,device_not_recording
1745352480000,2025-04-22T20:08:00Z,1974-1-1-00,,device_not_recording
1745352540000,2025-04-22T20:09:00Z,1974-1-1-00,,device_not_recording
1745352600000,2025-04-22T20:10:00Z,1974-1-1-00,,device_not_recording
1745352660000,2025-04-22T20:11:00Z,1974-1-1-00,,device_not_recording
1745352720000,2025-04-22T20:12:00Z,1974-1-1-00,,device_not_recording
1745352780000,2025-04-22T20:13:00Z,1974-1-1-00,,device_not_recording
1745352840000,2025-04-22T20:14:00Z,1974-1-1-00,,device_not_recording
1745352900000,2025-04-22T20:15:00Z,1974-1-1-00,,device_not_recording
1745352960000,2025-04-22T20:16:00Z,1974-1-1-00,,device_not_recording
1745353020000,2025-04-22T20:17:00Z,1974-1-1-00,,device_not_recording
1745353080000,2025-04-22T20:18:00Z,1974-1-1-00,,device_not_recording
1745353140000,2025-04-22T20:19:00Z,1974-1-1-00,,device_not_recording
1745353200000,2025-04-22T20:20:00Z,1974-1-1-00,,device_not_recording
1745353260000,2025-04-22T20:21:00Z,1974-1-1-00,,device_not_recording
1745353320000,2025-04-22T20:22:00Z,1974-1-1-00,,device_not_recording
1745353380000,2025-04-22T20:23:00Z,1974-1-1-00,,device_not_recording
1745353440000,2025-04-22T20:24:00Z,1974-1-1-00,,device_not_recording
1745353500000,2025-04-22T20:25:00Z,1974-1-1-00,,device_not_recording
1745353560000,2025-04-22T20:26:00Z,1974-1-1-00,,device_not_recording
1745353620000,2025-04-22T20:27:00Z,1974-1-1-00,,device_not_recording
1745353680000,2025-04-22T20:28:00Z,1974-1-1-00,,device_not_recording
1745353740000,2025-04-22T20:29:00Z,1974-1-1-00,,device_not_recording
1745353800000,2025-04-22T20:30:00Z,1974-1-1-00,,device_not_recording
1745353860000,2025-04-22T20:31:00Z,1974-1-1-00,,device_not_recording
1745353920000,2025-04-22T20:32:00Z,1974-1-1-00,,device_not_recording
1745353980000,2025-04-22T20:33:00Z,1974-1-1-00,,device_not_recording
1745354040000,2025-04-22T20:34:00Z,1974-1-1-00,,device_not_recording
1745354100000,2025-04-22T20:35:00Z,1974-1-1-00,,device_not_recording
1745354160000,2025-04-22T20:36:00Z,1974-1-1-00,,device_not_recording
1745354220000,2025-04-22T20:37:00Z,1974-1-1-00,,device_not_recording
1745354280000,2025-04-22T20:38:00Z,1974-1-1-00,,device_not_recording
1745354340000,2025-04-22T20:39:00Z,1974-1-1-00,,device_not_recording
1745354400000,2025-04-22T20:40:00Z,1974-1-1-00,,device_not_recording
1745354460000,2025-04-22T20:41:00Z,1974-1-1-00,,device_not_recording
1745354520000,2025-04-22T20:42:00Z,1974-1-1-00,,device_not_recording
1745354580000,2025-04-22T20:43:00Z,1974-1-1-00,,device_not_recording
1745354640000,2025-04-22T20:44:00Z,1974-1-1-00,,device_not_recording
1745354700000,2025-04-22T20:45:00Z,1974-1-1-00,,device_not_recording
1745354760000,2025-04-22T20:46:00Z,1974-1-1-00,,device_not_recording
1745354820000,2025-04-22T20:47:00Z,1974-1-1-00,,device_not_recording
1745354880000,2025-04-22T20:48:00Z,1974-1-1-00,,device_not_recording
1745354940000,2025-04-22T20:49:00Z,1974-1-1-00,,device_not_recording
1745355000000,2025-04-22T20:50:00Z,1974-1-1-00,,device_not_recording
1745355060000,2025-04-22T20:51:00Z,1974-1-1-00,,device_not_recording
1745355120000,2025-04-22T20:52:00Z,1974-1-1-00,,device_not_recording
1745355180000,2025-04-22T20:53:00Z,1974-1-1-00,,device_not_recording
1745355240000,2025-04-22T20:54:00Z,1974-1-1-00,,device_not_recording
1745355300000,2025-04-22T20:55:00Z,1974-1-1-00,,device_not_recording
1745355360000,2025-04-22T20:56:00Z,1974-1-1-00,,device_not_recording
1745355420000,2025-04-22T20:57:00Z,1974-1-1-00,,device_not_recording
1745355480000,2025-04-22T20:58:00Z,1974-1-1-00,,device_not_recording
1745355540000,2025-04-22T20:59:00Z,1974-1-1-00,,device_not_recording
1745355600000,2025-04-22T21:00:00Z,1974-1-1-00,,device_not_recording
1745355660000,2025-04-22T21:01:00Z,1974-1-1-00,,device_not_recording
1745355720000,2025-04-22T21:02:00Z,1974-1-1-00,,device_not_recording
1745355780000,2025-04-22T21:03:00Z,1974-1-1-00,,device_not_recording
1745355840000,2025-04-22T21:04:00Z,1974-1-1-00,,device_not_recording
1745355900000,2025-04-22T21:05:00Z,1974-1-1-00,,device_not_recording
1745355960000,2025-04-22T21:06:00Z,1974-1-1-00,,device_not_recording
1745356020000,2025-04-22T21:07:00Z,1974-1-1-00,,device_not_recording
1745356080000,2025-04-22T21:08:00Z,1974-1-1-00,,device_not_recording
1745356140000,2025-04-22T21:09:00Z,1974-1-1-00,,device_not_recording
1745356200000,2025-04-22T21:10:00Z,1974-1-1-00,,device_not_recording
1745356260000,2025-04-22T21:11:00Z,1974-1-1-00,,device_not_recording
1745356320000,2025-04-22T21:12:00Z,1974-1-1-00,,device_not_recording
1745356380000,2025-04-22T21:13:00Z,1974-1-1-00,,device_not_recording
1745356440000,2025-04-22T21:14:00Z,1974-1-1-00,,device_not_recording
1745356500000,2025-04-22T21:15:00Z,1974-1-1-00,,device_not_recording
1745356560000,2025-04-22T21:16:00Z,1974-1-1-00,,device_not_recording
1745356620000,2025-04-22T21:17:00Z,1974-1-1-00,,device_not_recording
1745356680000,2025-04-22T21:18:00Z,1974-1-1-00,,device_not_recording
1745356740000,2025-04-22T21:19:00Z,1974-1-1-00,,device_not_recording
1745356800000,2025-04-22T21:20:00Z,1974-1-1-00,,device_not_recording
1745356860000,2025-04-22T21:21:00Z,1974-1-1-00,,device_not_recording
1745356920000,2025-04-22T21:22:00Z,1974-1-1-00,,device_not_recording
1745356980000,2025-04-22T21:23:00Z,1974-1-1-00,,device_not_recording
1745357040000,2025-04-22T21:24:00Z,1974-1-1-00,,device_not_recording
1745357100000,2025-04-22T21:25:00Z,1974-1-1-00,,device_not_recording
1745357160000,2025-04-22T21:26:00Z,1974-1-1-00,,device_not_recording
1745357220000,2025-04-22T21:27:00Z,1974-1-1-00,,device_not_recording
1745357280000,2025-04-22T21:28:00Z,1974-1-1-00,,device_not_recording
1745357340000,2025-04-22T21:29:00Z,1974-1-1-00,,device_not_recording
1745357400000,2025-04-22T21:30:00Z,1974-1-1-00,,device_not_recording
1745357460000,2025-04-22T21:31:00Z,1974-1-1-00,,device_not_recording
1745357520000,2025-04-22T21:32:00Z,1974-1-1-00,,device_not_recording
1745357580000,2025-04-22T21:33:00Z,1974-1-1-00,,device_not_recording
1745357640000,2025-04-22T21:34:00Z,1974-1-1-00,,device_not_recording
1745357700000,2025-04-22T21:35:00Z,1974-1-1-00,,device_not_recording
1745357760000,2025-04-22T21:36:00Z,1974-1-1-00,,device_not_recording
1745357820000,2025-04-22T21:37:00Z,1974-1-1-00,,device_not_recording
1745357880000,2025-04-22T21:38:00Z,1974-1-1-00,,device_not_recording
1745357940000,2025-04-22T21:39:00Z,1974-1-1-00,,device_not_recording
1745358000000,2025-04-22T21:40:00Z,1974-1-1-00,,device_not_recording
1745358060000,2025-04-22T21:41:00Z,1974-1-1-00,,device_not_recording
1745358120000,2025-04-22T21:42:00Z,1974-1-1-00,,device_not_recording
1745358180000,2025-04-22T21:43:00Z,1974-1-1-00,,device_not_recording
1745358240000,2025-04-22T21:44:00Z,1974-1-1-00,,device_not_recording
1745358300000,2025-04-22T21:45:00Z,1974-1-1-00,,device_not_recording
1745358360000,2025-04-22T21:46:00Z,1974-1-1-00,,device_not_recording
1745358420000,2025-04-22T21:47:00Z,1974-1-1-00,,device_not_recording
1745358480000,2025-04-22T21:48:00Z,1974-1-1-00,,device_not_recording
1745358540000,2025-04-22T21:49:00Z,1974-1-1-00,,device_not_recording
1745358600000,2025-04-22T21:50:00Z,1974-1-1-00,,device_not_recording
1745358660000,2025-04-22T21:51:00Z,1974-1-1-00,,device_not_recording
1745358720000,2025-04-22T21:52:00Z,1974-1-1-00,,device_not_recording
1745358780000,2025-04-22T21:53:00Z,1974-1-1-00,,device_not_recording
1745358840000,2025-04-22T21:54:00Z,1974-1-1-00,,device_not_recording
1745358900000,2025-04-22T21:55:00Z,1974-1-1-00,,device_not_recording
1745358960000,2025-04-22T21:56:00Z,1974-1-1-00,,device_not_recording
1745359020000,2025-04-22T21:57:00Z,1974-1-1-00,,device_not_recording
1745359080000,2025-04-22T21:58:00Z,1974-1-1-00,,device_not_recording
1745359140000,2025-04-22T21:59:00Z,1974-1-1-00,,device_not_recording
1745359200000,2025-04-22T22:00:00Z,1974-1-1-00,,device_not_recording
1745359260000,2025-04-22T22:01:00Z,1974-1-1-00,,device_not_recording
1745359320000,2025-04-22T22:02:00Z,1974-1-1-00,,device_not_recording
1745359380000,2025-04-22T22:03:00Z,1974-1-1-00,,device_not_recording
1745359440000,2025-04-22T22:04:00Z,1974-1-1-00,,device_not_recording
1745359500000,2025-04-22T22:05:00Z,1974-1-1-00,,device_not_recording
1745359560000,2025-04-22T22:06:00Z,1974-1-1-00,,device_not_recording
1745359620000,2025-04-22T22:07:00Z,1974-1-1-00,,device_not_recording
1745359680000,2025-04-22T22:08:00Z,1974-1-1-00,,device_not_recording
1745359740000,2025-04-22T22:09:00Z,1974-1-1-00,,device_not_recording
1745359800000,2025-04-22T22:10:00Z,1974-1-1-00,,device_not_recording
1745359860000,2025-04-22T22:11:00Z,1974-1-1-00,,device_not_recording
1745359920000,2025-04-22T22:12:00Z,1974-1-1-00,,device_not_recording
1745359980000,2025-04-22T22:13:00Z,1974-1-1-00,,device_not_recording
1745360040000,2025-04-22T22:14:00Z,1974-1-1-00,,device_not_recording
1745360100000,2025-04-22T22:15:00Z,1974-1-1-00,,device_not_recording
1745360160000,2025-04-22T22:16:00Z,1974-1-1-00,,device_not_recording
1745360220000,2025-04-22T22:17:00Z,1974-1-1-00,,device_not_recording
1745360280000,2025-04-22T22:18:00Z,1974-1-1-00,,device_not_recording
1745360340000,2025-04-22T22:19:00Z,1974-1-1-00,,device_not_recording
1745360400000,2025-04-22T22:20:00Z,1974-1-1-00,,device_not_recording
1745360460000,2025-04-22T22:21:00Z,1974-1-1-00,,device_not_recording
1745360520000,2025-04-22T22:22:00Z,1974-1-1-00,,device_not_recording
1745360580000,2025-04-22T22:23:00Z,1974-1-1-00,,device_not_recording
1745360640000,2025-04-22T22:24:00Z,1974-1-1-00,,device_not_recording
1745360700000,2025-04-22T22:25:00Z,1974-1-1-00,,device_not_recording
1745360760000,2025-04-22T22:26:00Z,1974-1-1-00,,device_not_recording
1745360820000,2025-04-22T22:27:00Z,1974-1-1-00,,device_not_recording
1745360880000,2025-04-22T22:28:00Z,1974-1-1-00,,device_not_recording
1745360940000,2025-04-22T22:29:00Z,1974-1-1-00,,device_not_recording
1745361000000,2025-04-22T22:30:00Z,1974-1-1-00,,device_not_recording
1745361060000,2025-04-22T22:31:00Z,1974-1-1-00,,device_not_recording
1745361120000,2025-04-22T22:32:00Z,1974-1-1-00,,device_not_recording
1745361180000,2025-04-22T22:33:00Z,1974-1-1-00,,device_not_recording
1745361240000,2025-04-22T22:34:00Z,1974-1-1-00,,device_not_recording
1745361300000,2025-04-22T22:35:00Z,1974-1-1-00,,device_not_recording
1745361360000,2025-04-22T22:36:00Z,1974-1-1-00,,device_not_recording
1745361420000,2025-04-22T22:37:00Z,1974-1-1-00,,device_not_recording
1745361480000,2025-04-22T22:38:00Z,1974-1-1-00,,device_not_recording
1745361540000,2025-04-22T22:39:00Z,1974-1-1-00,,device_not_recording
1745361600000,2025-04-22T22:40:00Z,1974-1-1-00,,device_not_recording
1745361660000,2025-04-22T22:41:00Z,1974-1-1-00,,device_not_recording
1745361720000,2025-04-22T22:42:00Z,1974-1-1-00,,device_not_recording
1745361780000,2025-04-22T22:43:00Z,1974-1-1-00,,device_not_recording
1745361840000,2025-04-22T22:44:00Z,1974-1-1-00,,device_not_recording
1745361900000,2025-04-22T22:45:00Z,1974-1-1-00,,device_not_recording
1745361960000,2025-04-22T22:46:00Z,1974-1-1-00,,device_not_recording
1745362020000,2025-04-22T22:47:00Z,1974-1-1-00,,device_not_recording
1745362080000,2025-04-22T22:48:00Z,1974-1-1-00,,device_not_recording
1745362140000,2025-04-22T22:49:00Z,1974-1-1-00,,device_not_recording
1745362200000,2025-04-22T22:50:00Z,1974-1-1-00,,device_not_recording
1745362260000,2025-04-22T22:51:00Z,1974-1-1-00,,device_not_recording
1745362320000,2025-04-22T22:52:00Z,1974-1-1-00,,device_not_recording
1745362380000,2025-04-22T22:53:00Z,1974-1-1-00,,device_not_recording
1745362440000,2025-04-22T22:54:00Z,1974-1-1-00,,device_not_recording
1745362500000,2025-04-22T22:55:00Z,1974-1-1-00,,device_not_recording
1745362560000,2025-04-22T22:56:00Z,1974-1-1-00,,device_not_recording
1745362620000,2025-04-22T22:57:00Z,1974-1-1-00,,device_not_recording
1745362680000,2025-04-22T22:58:00Z,1974-1-1-00,,device_not_recording
1745362740000,2025-04-22T22:59:00Z,1974-1-1-00,,device_not_recording
1745362800000,2025-04-22T23:00:00Z,1974-1-1-00,,device_not_recording
1745362860000,2025-04-22T23:01:00Z,1974-1-1-00,,device_not_recording
1745362920000,2025-04-22T23:02:00Z,1974-1-1-00,,device_not_recording
1745362980000,2025-04-22T23:03:00Z,1974-1-1-00,,device_not_recording
1745363040000,2025-04-22T23:04:00Z,1974-1-1-00,,device_not_recording
1745363100000,2025-04-22T23:05:00Z,1974-1-1-00,,device_not_recording
1745363160000,2025-04-22T23:06:00Z,1974-1-1-00,,device_not_recording
1745363220000,2025-04-22T23:07:00Z,1974-1-1-00,,device_not_recording
1745363280000,2025-04-22T23:08:00Z,1974-1-1-00,,device_not_recording
1745363340000,2025-04-22T23:09:00Z,1974-1-1-00,,device_not_recording
1745363400000,2025-04-22T23:10:00Z,1974-1-1-00,,device_not_recording
1745363460000,2025-04-22T23:11:00Z,1974-1-1-00,,device_not_recording
1745363520000,2025-04-22T23:12:00Z,1974-1-1-00,,device_not_recording
1745363580000,2025-04-22T23:13:00Z,1974-1-1-00,,device_not_recording
1745363640000,2025-04-22T23:14:00Z,1974-1-1-00,,device_not_recording
1745363700000,2025-04-22T23:15:00Z,1974-1-1-00,,device_not_recording
1745363760000,2025-04-22T23:16:00Z,1974-1-1-00,,device_not_recording
1745363820000,2025-04-22T23:17:00Z,1974-1-1-00,,device_not_recording
1745363880000,2025-04-22T23:18:00Z,1974-1-1-00,,device_not_recording
1745363940000,2025-04-22T23:19:00Z,1974-1-1-00,,device_not_recording
1745364000000,2025-04-22T23:20:00Z,1974-1-1-00,,device_not_recording
1745364060000,2025-04-22T23:21:00Z,1974-1-1-00,,device_not_recording
1745364120000,2025-04-22T23:22:00Z,1974-1-1-00,,device_not_recording
1745364180000,2025-04-22T23:23:00Z,1974-1-1-00,,device_not_recording
1745364240000,2025-04-22T23:24:00Z,1974-1-1-00,,device_not_recording
1745364300000,2025-04-22T23:25:00Z,1974-1-1-00,,device_not_recording
1745364360000,2025-04-22T23:26:00Z,1974-1-1-00,,device_not_recording
1745364420000,2025-04-22T23:27:00Z,1974-1-1-00,,device_not_recording
1745364480000,2025-04-22T23:28:00Z,1974-1-1-00,,device_not_recording
1745364540000,2025-04-22T23:29:00Z,1974-1-1-00,,device_not_recording
1745364600000,2025-04-22T23:30:00Z,1974-1-1-00,,device_not_recording
1745364660000,2025-04-22T23:31:00Z,1974-1-1-00,,device_not_recording
1745364720000,2025-04-22T23:32:00Z,1974-1-1-00,,device_not_recording
1745364780000,2025-04-22T23:33:00Z,1974-1-1-00,,device_not_recording
1745364840000,2025-04-22T23:34:00Z,1974-1-1-00,,device_not_recording
1745364900000,2025-04-22T23:35:00Z,1974-1-1-00,,device_not_recording
1745364960000,2025-04-22T23:36:00Z,1974-1-1-00,,device_not_recording
1745365020000,2025-04-22T23:37:00Z,1974-1-1-00,,device_not_recording
1745365080000,2025-04-22T23:38:00Z,1974-1-1-00,,device_not_recording
1745365140000,2025-04-22T23:39:00Z,1974-1-1-00,,device_not_recording
1745365200000,2025-04-22T23:40:00Z,1974-1-1-00,,device_not_recording
1745365260000,2025-04-22T23:41:00Z,1974-1-1-00,,device_not_recording
1745365320000,2025-04-22T23:42:00Z,1974-1-1-00,,device_not_recording
1745365380000,2025-04-22T23:43:00Z,1974-1-1-00,,device_not_recording
1745365440000,2025-04-22T23:44:00Z,1974-1-1-00,,device_not_recording
1745365500000,2025-04-22T23:45:00Z,1974-1-1-00,,device_not_recording
1745365560000,2025-04-22T23:46:00Z,1974-1-1-00,,device_not_recording
1745365620000,2025-04-22T23:47:00Z,1974-1-1-00,,device_not_recording
1745365680000,2025-04-22T23:48:00Z,1974-1-1-00,,device_not_recording
1745365740000,2025-04-22T23:49:00Z,1974-1-1-00,,device_not_recording
1745365800000,2025-04-22T23:50:00Z,1974-1-1-00,,device_not_recording
1745365860000,2025-04-22T23:51:00Z,1974-1-1-00,,device_not_recording
1745365920000,2025-04-22T23:52:00Z,1974-1-1-00,,device_not_recording
1745365980000,2025-04-22T23:53:00Z,1974-1-1-00,,device_not_recording
1745366040000,2025-04-22T23:54:00Z,1974-1-1-00,,device_not_recording
1745366100000,2025-04-22T23:55:00Z,1974-1-1-00,,device_not_recording
1745366160000,2025-04-22T23:56:00Z,1974-1-1-00,,device_not_recording
1745366220000,2025-04-22T23:57:00Z,1974-1-1-00,,device_not_recording
1745366280000,2025-04-22T23:58:00Z,1974-1-1-00,,device_not_recording
1745366340000,2025-04-22T23:59:00Z,1974-1-1-00,,device_not_recording
