participantID,Identifiant
1974-1-1-07,fff0788583c45b516a46d66fd1fc6da5d69fd979708fb23933490e4bf1c1c55a
1974-1-1-06,628bb1eb221bd2c4a740a810de4d37f1ca523d51bc79770dd1a12c3c94e9aba0
1974-1-1-07,062d97cf282ae7659e249f4597019886f50d7e5f972d6df07b7b7a5e977214eb
1974-1-1-05,ac67a88658db61654ea077bb75a33a85fc56a5867beb6dfa4b315384d9f02e2e
1573-1-1-21,7d2f17f8f6cefbf140a3fece572be264e9c8db638d8cdd0c98dbb5c3c93d1a08
1573-1-1-3,ccd6c9483fac068f6ccec880a7ffa5aa7918596e326bc0e8223326fda47331c5
1573-1-1-002,53d33c86425dcba79ad6ea2bcd7c387848102553dbda85a1682896fc95967039
1573-1-1-30,9249de2c1ee231f09586f88157e7fcbd92ef93936143eabf6eb50b566b24ed59
1573-1-1-13,30e6b03c1c7bc1a117038761a345aa2c5332a24fa64b504ea158f1f893679da7
1573-1-1-31,657abe56d7a5ed7a73cca6f4fc4778f8440af3ca5193548b05570254a530b92e
1573-1-1-056,576019667aacee504fc8ec9be03d25059dbedf3a9d95de1186c807cfb2de5391